QYEAR,NEWID,SEQNO,ALCNO,REC_ORIG,PROP_NOH,PROP0NOH,OWNYH,OWNYH_,PAIDLOAN,PAID_OAN,PRIMPLUS,PRIM_LUS,JINTPDX,JINTPDX_,JLCPRINX,JLCP_INX,LOAN_NOH,LOAN0NOH,TOTOWED,TOTOWED_
20202,04215344,27,0,5,01,D,100,D,1,D,0.0475,D,106,D,494,D,01,D,8900,D
20202,04215804,21,0,5,01,D,100,D,2,D,0.0475,D,175,F,485,F,01,D,14726,F
20202,04215904,18,0,5,02,D,300,D,2,D,0.0475,D,629,F,949,F,01,D,53000,F
20202,04217494,18,0,5,01,D,100,D,1,D,0.0475,D,214,F,-64,F,01,D,18000,F
20202,04218224,26,0,5,01,D,100,D,1,D,0.0475,D,28,D,809,D,01,D,2391,D
20202,04218454,21,0,5,01,D,100,D,1,D,0.0475,D,178,D,422,D,01,D,15000,D
20202,04219394,20,0,5,01,D,100,D,2,D,0.0475,D,412,F,457,F,01,D,34665,F
20202,04221434,31,0,5,01,D,100,D,1,D,0.0475,D,412,D,457,D,01,D,34665,D
20202,04222484,25,0,5,02,D,300,D,2,D,0.0475,D,,A,,A,01,D,0,D
20202,04222924,16,0,5,01,D,100,D,2,D,0.0475,D,,A,,A,01,D,44900,D
20202,04224834,22,0,5,01,D,100,D,2,D,0.0475,D,,A,,A,01,D,46000,D
20202,04224934,21,0,5,01,D,100,D,1,D,0.0475,D,416,D,1617,D,01,D,35037,D
20202,04225874,14,0,5,01,D,100,D,1,D,0.0475,D,534,D,1566,D,01,D,45000,D
20202,04226054,29,0,5,01,D,100,D,1,D,0.0475,D,65,D,25,D,01,D,5500,D
20202,04226104,23,0,5,01,D,100,D,1,D,0.0475,D,677,D,1395,D,01,D,57000,D
20202,04226144,17,0,1,01,D,100,D,1,D,0.0475,D,594,D,906,D,01,D,50000,D
20202,04226524,20,0,5,01,D,100,D,1,D,0.0475,D,4750,D,650,D,01,D,450612,T
20202,04226624,20,0,5,01,D,100,D,2,D,0.0475,D,,A,,A,01,D,0,D
20202,04226804,20,0,5,01,D,100,D,1,D,0.0475,D,713,D,628,D,01,D,60000,D
20202,04227104,13,0,5,01,D,100,D,2,D,0.0475,D,691,F,815,F,01,D,58200,F
20202,04227304,28,0,5,01,D,100,D,1,D,0.0475,D,974,F,52,F,01,D,82000,F
20202,04227364,21,0,5,01,D,100,D,1,D,0.0475,D,166,D,14,D,01,D,14000,D
20202,04227934,24,0,5,02,D,300,D,1,D,0.0475,D,190,F,35,F,01,D,16000,F
20202,04228264,35,0,5,01,D,100,D,1,D,0.0475,D,115,F,335,F,01,D,9650,F
20202,04228354,32,0,5,01,D,100,D,1,D,0.0475,D,333,D,567,D,01,D,28000,D
20202,04228434,29,0,5,01,D,100,D,1,D,0.0475,D,2494,D,256,D,01,D,210000,D
20202,04228474,20,0,5,01,D,100,D,1,D,0.0475,D,974,D,52,D,01,D,82000,D
20202,04228904,32,0,5,01,D,100,D,2,D,0.0475,D,,A,,A,01,D,30000,D
20202,04229924,41,0,5,01,D,100,D,1,D,0.0475,D,416,D,676,D,01,D,35000,D
20202,04230274,31,0,5,01,D,100,D,1,D,0.0475,D,713,D,1627,D,01,D,60000,D
20202,04230814,36,0,5,01,D,100,D,1,D,0.0475,D,685,D,566,D,01,D,57700,D
20202,04231214,31,0,5,01,D,100,D,2,D,0.0475,D,,A,,A,01,D,92387,D
20202,04231334,30,0,5,01,D,100,D,2,D,0.0475,D,,A,,A,01,D,0,D
20202,04232134,23,0,5,01,D,100,D,1,D,0.0475,D,1188,D,-348,D,01,D,100000,D
20202,04232944,23,0,5,01,D,100,D,1,D,0.0475,D,119,D,2051,D,01,D,10000,D
20202,04233404,22,0,5,01,D,100,D,2,D,0.0475,D,,A,,A,01,D,0,D
20202,04234244,50,0,5,01,D,100,D,1,D,0.0475,D,950,D,-164,D,01,D,80000,D
20202,04234404,47,0,5,01,D,100,D,2,D,0.0475,D,,A,,A,01,D,0,D
20202,04234754,24,0,5,01,D,100,D,1,D,0.0475,D,175,D,485,D,01,D,14726,D
20202,04235444,21,0,5,01,D,100,D,1,D,0.0475,D,2197,D,608,D,01,D,185000,D
20202,04235504,27,0,5,01,D,100,D,1,D,0.0475,D,724,D,1151,D,01,D,61000,D
20202,04237644,24,0,5,01,D,100,D,1,D,0.0475,D,746,D,301,D,01,D,62810,D
20202,04237884,18,0,5,01,D,100,D,1,D,0.0475,D,100,F,614,F,01,D,8420,F
20202,04237914,35,0,5,03,D,300,D,2,D,0.0475,D,,A,,A,01,D,50000,D
20202,04238574,38,0,5,01,D,100,D,1,D,0.0475,D,48,D,252,D,01,D,4000,D
20202,04240094,21,0,5,01,D,100,D,1,D,0.0475,D,1247,D,-488,D,01,D,105000,D
20202,04240104,21,0,5,01,D,100,D,2,D,0.0475,D,,A,,A,01,D,20000,D
20202,04240564,27,0,5,01,D,100,D,1,D,0.0475,D,48,D,2052,D,01,D,4000,D
20202,04242374,28,0,5,01,D,100,D,1,D,0.0475,D,356,D,544,D,01,D,30000,D
20202,04242604,22,0,5,01,D,100,D,2,D,0.0475,D,,A,,A,01,D,18700,D
20202,04242644,35,0,5,01,D,100,D,1,D,0.0475,D,653,D,-203,D,01,D,55000,D
20202,04244464,46,0,5,01,D,100,D,2,D,0.0475,D,,A,,A,01,D,0,D
20202,04245504,65,0,5,01,D,100,D,2,D,0.0475,D,,A,,A,01,D,0,D
20202,04246124,30,0,5,01,D,100,D,2,D,0.0475,D,,A,,A,01,D,0,D
20202,04267203,57,0,5,01,D,100,D,2,D,0.0475,D,,A,,A,01,D,0,D
20202,04267353,36,0,5,01,D,100,D,1,D,0.0475,D,451,D,749,D,01,D,38000,D
20202,04267423,10,0,5,01,D,100,D,1,D,0.0475,D,926,D,874,D,01,D,78000,D
20202,04267793,37,0,5,02,D,200,D,2,D,0.0475,D,,A,,A,01,D,120000,D
20202,04269603,25,0,5,01,D,100,D,1,D,0.0475,D,190,D,410,D,01,D,16000,D
20202,04270203,20,0,1,01,D,100,D,1,D,0.0475,D,534,F,66,F,01,D,45000,F
20202,04270323,48,0,5,01,D,100,D,1,D,0.0475,D,115,D,335,D,01,D,9650,D
20202,04270493,28,0,5,01,D,100,D,2,D,0.0475,D,,A,,A,01,D,0,D
20202,04270973,28,0,5,01,D,100,D,1,D,0.0475,D,140,D,480,D,01,D,11790,D
20202,04272743,29,0,5,01,D,100,D,1,D,0.0475,D,756,D,744,D,01,D,63645,D
20202,04272793,23,0,5,01,D,100,D,1,D,0.0475,D,938,D,-192,D,01,D,79000,D
20202,04273143,19,0,5,01,D,100,D,1,D,0.0475,D,249,D,501,D,01,D,21000,D
20202,04273163,11,0,1,01,D,100,D,1,D,0.0475,D,333,D,517,D,01,D,28000,D
20202,04273343,26,0,5,01,D,100,D,2,D,0.0475,D,,A,,A,01,D,0,D
20202,04273653,17,0,5,01,D,100,D,1,D,0.0475,D,0,D,0,D,01,D,0,D
20202,04273683,24,0,5,01,D,100,D,2,D,0.0475,D,,A,,A,01,D,0,D
20202,04275253,29,0,5,01,D,100,D,1,D,0.0475,D,24,D,876,D,01,D,2000,D
20202,04275323,15,0,5,01,D,100,D,1,D,0.0475,D,214,D,-64,D,01,D,18000,D
20202,04275813,38,0,5,01,D,100,D,1,D,0.0475,D,724,D,-5,D,01,D,61008,D
20202,04276893,16,0,5,01,D,100,D,1,D,0.0475,D,796,D,701,D,01,D,67000,D
20202,04277333,32,0,5,01,D,100,D,1,D,0.0475,D,226,D,3374,D,01,D,19000,D
20202,04277633,30,0,5,01,D,100,D,1,D,0.0475,D,101,F,1399,F,01,D,8500,F
20202,04278153,18,0,5,01,D,100,D,1,D,0.0475,D,1710,D,-960,D,01,D,144000,D
20202,04278313,18,0,5,02,D,200,D,2,D,0.0475,D,,A,,A,01,D,0,D
20202,04279513,29,0,5,01,D,100,D,1,D,0.0475,D,297,F,633,F,01,D,25000,F
20202,04280623,22,0,5,01,D,100,D,1,D,0.0475,D,588,D,162,D,01,D,49500,D
20202,04280903,15,0,5,01,D,100,D,1,D,0.0475,D,1164,D,-170,D,01,D,98000,D
20202,04281223,12,0,5,01,D,100,D,1,D,0.0475,D,119,D,1081,D,01,D,10000,D
20202,04281313,48,0,5,01,D,100,D,2,D,0.0475,D,,A,,A,01,D,25000,D
20202,04281533,24,0,5,01,D,100,D,1,D,0.0475,D,2731,D,19412,T,01,D,230000,D
20202,04282393,31,0,5,01,D,100,D,1,D,0.0475,D,219,D,4781,D,01,D,18461,D
20202,04283453,21,0,5,02,D,300,D,1,D,0.0475,D,214,D,22445,T,01,D,18000,D
20202,04283833,35,0,5,01,D,100,D,1,D,0.0475,D,879,D,-33,D,01,D,74000,D
20202,04283843,24,0,5,01,D,100,D,1,D,0.0475,D,891,D,645,D,01,D,75000,D
20202,04284653,20,0,5,01,D,100,D,1,D,0.0475,D,158,D,5842,D,01,D,13300,D
20202,04285433,35,0,5,01,D,100,D,2,D,0.0475,D,,A,,A,01,D,0,D
20202,04285603,32,0,5,01,D,100,D,2,D,0.0475,D,,A,,A,01,D,0,D
20202,04286323,18,0,5,01,D,100,D,1,D,0.0475,D,0,F,0,F,01,D,0,F
20202,04286683,13,0,5,01,D,100,D,1,D,0.0475,D,220,D,170,D,01,D,18500,D
20202,04287153,11,0,1,01,D,100,D,1,D,0.0475,D,261,D,639,D,01,D,22000,D
20202,04288163,25,0,5,01,D,100,D,1,D,0.0475,D,1188,D,162,D,01,D,100000,D
20202,04289803,46,0,5,01,D,100,D,1,D,0.0475,D,940,D,-6,D,01,D,79127,D
20202,04290533,20,0,5,01,D,100,D,1,D,0.0475,D,1841,D,1468,D,01,D,155000,D
20202,04291433,41,0,5,01,D,100,D,2,D,0.0475,D,,A,,A,01,D,0,D
20202,04291613,22,0,5,01,D,100,D,1,D,0.0475,D,202,D,-1,D,01,D,17000,D
20202,04292944,22,0,5,01,D,100,D,1,D,0.0475,D,238,D,12,D,01,D,20000,D
20202,04293113,71,0,5,01,D,100,D,1,D,0.0475,D,588,F,162,F,01,D,49500,F
20202,04293263,24,0,5,02,D,200,D,1,D,0.0475,D,153,D,876,D,01,D,12900,D
20202,04293513,21,0,1,01,D,100,D,1,D,0.0475,D,356,D,-176,D,01,D,30000,D
20202,04293513,22,0,1,01,D,100,D,1,D,0.0475,D,297,D,-147,D,02,D,25000,D
20202,04293833,16,0,5,01,D,100,D,1,D,0.0475,D,1188,D,1548,D,01,D,100000,D
20202,04294643,31,0,5,01,D,100,D,1,D,0.0475,D,1306,D,794,D,01,D,110000,D
20202,04294683,16,0,5,01,D,100,D,1,D,0.0475,D,119,F,1081,F,01,D,10000,F
20202,04295243,42,0,5,01,D,100,D,1,D,0.0475,D,691,D,815,D,01,D,58200,D
20202,04296573,25,0,5,01,D,100,D,1,D,0.0475,D,27,D,723,D,01,D,2300,D
20202,04296623,18,0,5,01,D,100,D,1,D,0.0475,D,1959,F,2541,F,01,D,165000,F
20202,04297223,20,0,5,01,D,100,D,1,D,0.0475,D,891,D,159,D,01,D,75000,D
20202,04297733,22,0,5,01,D,100,D,1,D,0.0475,D,24,D,1176,D,01,D,2000,D
20202,04298223,15,0,5,01,D,100,D,1,D,0.0475,D,214,D,686,D,01,D,18000,D
20202,04299163,27,0,5,01,D,100,D,2,D,0.0475,D,,A,,A,01,D,0,D
20202,04299533,19,0,5,01,D,100,D,1,D,0.0475,D,238,D,2762,D,01,D,20000,D
20202,04310592,12,0,5,01,D,100,D,2,D,0.0475,D,,A,,A,01,D,95000,D
20202,04311642,46,0,5,01,D,100,D,2,D,0.0475,D,,A,,A,01,D,0,D
20202,04312012,36,0,5,01,D,100,D,1,D,0.0475,D,974,D,1276,D,01,D,82000,D
20202,04312742,11,0,5,01,D,100,D,1,D,0.0475,D,220,F,170,F,01,D,18500,F
20202,04313462,17,0,5,01,D,100,D,1,D,0.0475,D,48,D,-3,D,01,D,4000,D
20202,04314002,52,0,5,01,D,100,D,2,D,0.0475,D,,A,,A,01,D,0,D
20202,04314412,12,0,1,01,D,100,D,1,D,0.0475,D,576,D,898,D,01,D,48500,D
20202,04314852,24,0,1,01,D,100,D,1,D,0.0475,D,29,D,1021,D,01,D,2400,D
20202,04316492,22,0,1,01,D,100,D,1,D,0.0475,D,190,D,35,D,01,D,16000,D
20202,04316892,30,0,5,01,D,100,D,1,D,0.0475,D,821,D,544,D,01,D,69171,D
20202,04317092,6,0,5,01,D,400,D,2,D,0.0475,D,,A,,A,01,D,0,D
20202,04318122,24,0,1,01,D,100,D,1,D,0.0475,D,1342,F,-301,F,01,D,113000,F
20202,04318492,10,0,1,01,D,100,D,1,D,0.0475,D,356,D,1144,D,01,D,30000,D
20202,04319212,50,0,5,01,D,100,D,1,D,0.0475,D,1342,D,-301,D,01,D,113000,D
20202,04319502,24,0,5,01,D,100,D,1,D,0.0475,D,1176,D,324,D,01,D,99000,D
20202,04319982,26,0,5,02,D,300,D,1,D,0.0475,D,926,D,2074,D,01,D,77667,T
20202,04320592,31,0,5,01,D,100,D,2,D,0.0475,D,,A,,A,01,D,0,D
20202,04322872,40,0,5,01,D,100,D,2,D,0.0475,D,,A,,A,01,D,0,D
20202,04322952,35,0,5,01,D,100,D,1,D,0.0475,D,2048,D,-245,D,01,D,172440,D
20202,04323112,27,0,5,01,D,100,D,1,D,0.0475,D,249,D,34,D,01,D,21000,D
20202,04323422,34,0,5,01,D,100,D,1,D,0.0475,D,12,D,988,D,01,D,1000,D
20202,04324362,23,0,5,01,D,100,D,1,D,0.0475,D,558,D,42,D,01,D,47000,D
20202,04324392,17,0,1,01,D,100,D,1,D,0.0475,D,166,F,14,F,01,D,14000,F
20202,04324492,27,0,1,01,D,100,D,1,D,0.0475,D,1959,D,2541,D,01,D,165000,D
20202,04324792,22,0,5,01,D,100,D,1,D,0.0475,D,534,D,3466,D,01,D,45000,D
20202,04324812,10,0,1,01,D,100,D,2,D,0.0475,D,,A,,A,01,D,90000,D
20202,04325362,25,0,5,01,D,100,D,1,D,0.0475,D,0,D,0,D,01,D,0,D
20202,04325432,48,0,5,01,D,100,D,1,D,0.0475,D,439,D,1061,D,01,D,37000,D
20202,04325462,17,0,1,01,D,100,D,1,D,0.0475,D,582,D,417,D,01,D,49000,D
20202,04325792,23,0,5,01,D,100,D,2,D,0.0475,D,,A,,A,01,D,0,D
20202,04326422,32,0,5,01,D,100,D,2,D,0.0475,D,,A,,A,01,D,0,D
20202,04327062,31,0,5,01,D,100,D,1,D,0.0475,D,3053,D,-173,D,01,D,450612,T
20202,04327492,35,0,5,01,D,100,D,1,D,0.0475,D,190,D,-40,D,01,D,16000,D
20202,04327542,35,0,5,01,D,100,D,1,D,0.0475,D,855,D,366,D,01,D,72000,D
20202,04328122,14,0,5,01,D,100,D,2,D,0.0475,D,713,F,187,F,01,D,60000,F
20202,04328682,23,0,5,02,D,300,D,1,D,0.0475,D,891,D,,T,01,D,77667,T
20202,04330062,31,0,5,01,D,100,D,2,D,0.0475,D,,A,,A,01,D,0,D
20202,04330192,24,0,5,01,D,100,D,1,D,0.0475,D,226,D,974,D,01,D,19000,D
20202,04330472,27,0,5,01,D,100,D,1,D,0.0475,D,79,D,606,D,01,D,6656,D
20202,04330912,31,0,5,02,D,200,D,1,D,0.0475,D,1579,D,1679,D,01,D,133000,D
20202,04342632,24,0,5,01,D,100,D,2,D,0.0475,D,3053,F,-173,F,01,D,450612,V
20202,04343232,25,0,5,01,D,100,D,2,D,0.0475,D,,A,,A,01,D,48000,D
20202,04343422,27,0,5,01,D,100,D,2,D,0.0475,D,,A,,A,01,D,0,D
20202,04343572,21,0,5,01,D,100,D,1,D,0.0475,D,594,D,6,D,01,D,50000,D
20202,04344932,17,0,1,01,D,100,D,1,D,0.0475,D,143,D,4057,D,01,D,12000,D
20202,04345092,43,0,5,01,D,100,D,2,D,0.0475,D,,A,,A,01,D,135000,D
20202,04346372,31,0,5,01,D,100,D,1,D,0.0475,D,137,D,943,D,01,D,11500,D
20202,04346802,30,0,5,01,D,100,D,1,D,0.0475,D,226,D,1274,D,01,D,19000,D
20202,04347322,32,0,5,01,D,100,D,1,D,0.0475,D,119,D,3881,D,01,D,10000,D
20202,04347762,23,0,5,01,D,100,D,1,D,0.0475,D,629,D,949,D,01,D,53000,D
20202,04350342,14,0,5,01,D,100,D,2,D,0.0475,D,,A,,A,01,D,6000,D
20202,04351262,21,0,5,01,D,100,D,1,D,0.0475,D,534,D,66,D,01,D,45000,D
20202,04351462,33,0,5,01,D,100,D,2,D,0.0475,D,356,F,394,F,01,D,30000,F
20202,04351572,15,0,1,01,D,100,D,2,D,0.0475,D,,A,,A,01,D,0,D
20202,04351692,28,0,5,01,D,100,D,2,D,0.0475,D,,A,,A,01,D,6200,D
20202,04378261,14,0,1,01,D,100,D,1,D,0.0475,D,1104,D,396,D,01,D,93000,D
20202,04378611,30,0,1,01,D,100,D,1,D,0.0475,D,12,D,588,D,01,D,1000,D
20202,04378974,23,0,1,01,D,100,D,1,D,0.0475,D,101,D,1399,D,01,D,8500,D
20202,04379381,14,0,1,01,D,100,D,1,D,0.0475,D,713,D,187,D,01,D,60000,D
20202,04379514,24,0,1,01,D,100,D,1,D,0.0475,D,143,F,4057,F,01,D,12000,F
20202,04379821,32,0,1,01,D,100,D,1,D,0.0475,D,107,D,1893,D,01,D,9000,D
20202,04379821,33,0,1,01,D,100,D,2,D,0.0475,D,,A,,A,02,D,0,D
20202,04381403,19,0,1,01,D,100,D,1,D,0.0475,D,193,D,137,D,01,D,16220,D
20202,04384124,47,0,1,01,D,100,D,1,D,0.0475,D,361,D,2939,D,01,D,30380,D
20202,04384771,21,0,1,01,D,100,D,1,D,0.0475,D,115,D,8386,D,01,D,9720,D
20202,04385421,26,0,1,01,D,100,D,1,D,0.0475,D,261,D,84,D,01,D,22000,D
20202,04385531,25,0,1,01,D,100,D,2,D,0.0475,D,,A,,A,01,D,0,D
20202,04385663,22,0,1,01,D,100,D,1,D,0.0475,D,50,D,271,D,01,D,4200,D
20202,04385663,23,0,1,01,D,100,D,1,D,0.0475,D,100,D,614,D,02,D,8420,D
20202,04385944,23,0,1,01,D,100,D,1,D,0.0475,D,10688,D,-1635,T,01,D,450612,T
20202,04388761,14,0,1,01,D,100,D,1,D,0.0475,D,50,F,271,F,01,D,4200,F
20202,04388901,11,0,1,01,D,100,D,1,D,0.0475,D,178,D,3122,D,01,D,15000,D
20202,04389761,35,0,1,01,D,100,D,1,D,0.0475,D,5237,D,595,D,01,D,450612,T
20202,04390491,23,0,1,01,D,100,D,1,D,0.0475,D,131,D,6819,D,01,D,11000,D
20202,04391941,20,0,1,01,D,100,D,1,D,0.0475,D,475,D,-205,D,01,D,40000,D
20202,04392093,16,0,1,01,D,100,D,1,D,0.0475,D,1033,D,6467,D,01,D,87000,D
20202,04393201,14,0,1,01,D,100,D,1,D,0.0475,D,404,D,796,D,01,D,34000,D
20202,04393691,14,0,1,01,D,100,D,1,D,0.0475,D,950,D,1450,D,01,D,80000,D
20202,04394082,14,0,1,01,D,100,D,1,D,0.0475,D,107,D,193,D,01,D,9000,D
20202,04394981,33,0,1,01,D,100,D,1,D,0.0475,D,285,D,90,D,01,D,24000,D
20202,04395541,22,0,1,01,D,100,D,1,D,0.0475,D,238,D,2762,D,01,D,20000,D
20202,04397741,23,0,1,01,D,100,D,1,D,0.0475,D,594,D,6,D,01,D,50000,D
20202,04399242,27,0,1,01,D,100,D,1,D,0.0475,D,202,D,2498,D,01,D,17000,D
20202,04399822,37,0,1,01,D,100,D,1,D,0.0475,D,1164,F,-170,F,01,D,98000,F
20202,04400091,19,0,1,01,D,100,D,2,D,0.0475,D,,A,,A,01,D,0,D
20202,04400941,20,0,1,01,D,100,D,1,D,0.0475,D,238,D,512,D,01,D,20000,D
20202,04402641,17,0,1,01,D,100,D,1,D,0.0475,D,154,D,1346,D,01,D,13000,D
20202,04402871,22,0,1,01,D,100,D,1,D,0.0475,D,71,D,1429,D,01,D,6000,D
20202,04403282,14,0,1,01,D,100,D,2,D,0.0475,D,,A,,A,01,D,0,D
20202,04403691,19,0,1,01,D,100,D,1,D,0.0475,D,95,D,1705,D,01,D,8000,D
20202,04404292,20,0,1,01,D,100,D,1,D,0.0475,D,1188,D,3012,D,01,D,100000,D
20202,04404561,14,0,1,01,D,100,D,1,D,0.0475,D,190,D,910,D,01,D,16000,D
20202,04405001,22,0,1,01,D,100,D,1,D,0.0475,D,259,D,1991,D,01,D,21800,D
20202,04405651,11,0,1,01,D,100,D,1,D,0.0475,D,297,D,633,D,01,D,25000,D
20202,04406871,5,0,1,01,D,100,D,1,D,0.0475,D,689,F,-188,F,01,D,58000,F
20202,04406951,26,0,1,01,D,100,D,2,D,0.0475,D,,A,,A,01,D,76390,D
20202,04407721,25,0,1,01,D,100,D,1,D,0.0475,D,891,D,309,D,01,D,75000,D
20202,04407751,20,0,1,01,D,100,D,1,D,0.0475,D,570,D,5430,D,01,D,48000,D
20202,04408112,14,0,1,01,D,100,D,2,D,0.0475,D,,A,,A,01,D,0,D
20202,04408161,36,0,1,01,D,100,D,1,D,0.0475,D,71,D,58,D,01,D,6000,D
20202,04408371,34,0,1,01,D,100,D,1,D,0.0475,D,1069,D,308,D,01,D,90000,D
20202,04409591,16,0,1,01,D,100,D,,C,0.0475,D,0,F,0,F,01,D,0,F
20202,04411451,35,0,1,01,D,100,D,1,D,0.0475,D,1157,D,19412,T,01,D,97449,D
20202,04414981,12,0,1,01,D,100,D,2,D,0.0475,D,,A,,A,01,D,0,D
20202,04415061,11,0,1,01,D,100,D,,C,0.0475,D,4750,F,650,F,01,D,450612,V
20202,04415941,21,0,1,01,D,100,D,1,D,0.0475,D,261,F,639,F,01,D,22000,F
20202,04416311,13,0,1,01,D,100,D,1,D,0.0475,D,1069,D,-769,D,01,D,90000,D
20202,04416341,28,0,1,01,D,100,D,1,D,0.0475,D,689,D,-188,D,01,D,58000,D
20202,04416591,12,0,1,01,D,100,D,1,D,0.0475,D,1081,D,419,D,01,D,91000,D
20202,04418201,29,0,1,01,D,100,D,1,D,0.0475,D,356,D,394,D,01,D,30000,D
20202,04418251,14,0,1,01,D,100,D,1,D,0.0475,D,1391,D,4609,D,01,D,117130,D
20202,04418973,35,0,1,01,D,100,D,1,D,0.0475,D,475,D,125,D,01,D,40000,D
20202,04419591,17,0,1,01,D,100,D,1,D,0.0475,D,222,D,528,D,01,D,18700,D
20202,04419603,16,0,1,01,D,100,D,1,D,0.0475,D,261,D,339,D,01,D,22000,D
20202,04419843,19,0,1,01,D,100,D,1,D,0.0475,D,451,F,749,F,01,D,38000,F
20202,04420042,14,0,1,01,D,100,D,1,D,0.0475,D,24,F,1176,F,01,D,2000,F
20203,04267354,42,0,5,01,D,100,D,2,D,0.0475,D,,A,,A,01,D,0,D
20203,04267424,13,0,5,01,D,100,D,1,D,0.0475,D,938,D,4462,D,01,D,79000,D
20203,04267794,24,0,5,02,D,200,D,1,D,0.0475,D,1461,D,2289,D,01,D,123000,D
20203,04269604,26,0,5,01,D,100,D,1,D,0.0475,D,196,D,904,D,01,D,16480,D
20203,04269904,16,0,1,01,D,100,D,1,D,0.0475,D,105,F,1035,F,01,D,8802,F
20203,04270324,81,0,5,01,D,100,D,1,D,0.0475,D,106,D,494,D,01,D,8960,D
20203,04270494,22,0,5,01,D,100,D,2,D,0.0475,D,,A,,A,01,D,0,D
20203,04270974,30,0,5,01,D,100,D,1,D,0.0475,D,131,D,669,D,01,D,11065,D
20203,04272744,37,0,5,01,D,100,D,1,D,0.0475,D,745,D,755,D,01,D,62757,D
20203,04272794,25,0,5,01,D,100,D,1,D,0.0475,D,949,D,-289,D,01,D,79900,D
20203,04273144,22,0,5,01,D,100,D,2,D,0.0475,D,,A,,A,01,D,17000,D
20203,04273164,17,0,5,01,D,100,D,1,D,0.0475,D,344,D,556,D,01,D,29000,D
20203,04273444,37,0,1,01,D,100,D,1,D,0.0475,D,831,F,669,F,01,D,70000,F
20203,04273684,30,0,5,01,D,100,D,2,D,0.0475,D,,A,,A,01,D,0,D
20203,04275234,14,0,5,01,D,100,D,1,D,0.0475,D,178,F,2522,F,01,D,15000,F
20203,04275254,36,0,5,01,D,100,D,1,D,0.0475,D,12,D,1488,D,01,D,1000,D
20203,04275324,16,0,5,01,D,100,D,1,D,0.0475,D,24,D,1976,D,01,D,2000,D
20203,04275814,34,0,5,01,D,100,D,1,D,0.0475,D,727,D,4678,D,01,D,61214,D
20203,04275894,38,0,1,02,D,200,D,1,D,0.0475,D,8363,D,-1635,T,01,D,450612,T
20203,04276414,22,0,1,01,D,100,D,1,D,0.0475,D,105,D,1035,D,01,D,8802,D
20203,04276894,19,0,5,01,D,100,D,1,D,0.0475,D,1164,F,261,F,01,D,98000,F
20203,04277334,34,0,5,01,D,100,D,1,D,0.0475,D,273,D,3627,D,01,D,23000,D
20203,04278154,20,0,5,01,D,100,D,1,D,0.0475,D,1734,D,-954,D,01,D,146000,D
20203,04278314,19,0,5,02,D,200,D,2,D,0.0475,D,,A,,A,01,D,0,D
20203,04278364,28,0,5,01,D,100,D,1,D,0.0475,D,6,D,494,D,01,D,500,D
20203,04279514,33,0,5,01,D,100,D,1,D,0.0475,D,131,F,874,F,01,D,11000,F
20203,04280494,16,0,5,01,D,100,D,1,D,0.0475,D,75,F,225,F,01,D,6300,F
20203,04280624,25,0,5,01,D,100,D,1,D,0.0475,D,1164,D,261,D,01,D,98000,D
20203,04280904,23,0,5,01,D,100,D,1,D,0.0475,D,1140,D,19412,T,01,D,96000,D
20203,04281224,13,0,5,01,D,100,D,2,D,0.0475,D,,A,,A,01,D,0,D
20203,04281314,54,0,5,01,D,100,D,1,D,0.0475,D,1445,D,145,D,01,D,121700,D
20203,04281534,26,0,5,01,D,100,D,1,D,0.0475,D,3206,D,19412,T,01,D,450612,T
20203,04281594,20,0,5,01,D,100,D,1,D,0.0475,D,143,D,541,D,01,D,12000,D
20203,04282394,46,0,5,01,D,100,D,1,D,0.0475,D,101,D,19412,T,01,D,8500,D
20203,04283454,17,0,5,02,D,300,D,1,D,0.0475,D,499,D,22445,T,01,D,42000,D
20203,04283834,38,0,5,01,D,100,D,1,D,0.0475,D,890,D,-296,D,01,D,74975,D
20203,04283844,27,0,5,01,D,100,D,1,D,0.0475,D,831,D,669,D,01,D,70000,D
20203,04284654,26,0,5,01,D,100,D,1,D,0.0475,D,214,D,7959,D,01,D,18000,D
20203,04285434,37,0,5,01,D,100,D,2,D,0.0475,D,,A,,A,01,D,0,D
20203,04285604,37,0,5,01,D,100,D,2,D,0.0475,D,,A,,A,01,D,0,D
20203,04286684,13,0,5,01,D,100,D,1,D,0.0475,D,220,D,170,D,01,D,18500,D
20203,04286784,28,0,5,01,D,100,D,1,D,0.0475,D,99,D,501,D,01,D,8300,D
20203,04286794,14,0,5,01,D,100,D,1,D,0.0475,D,261,D,939,D,01,D,22000,D
20203,04287394,20,0,5,01,D,100,D,2,D,0.0475,D,,A,,A,01,D,29000,D
20203,04288164,23,0,5,01,D,100,D,1,D,0.0475,D,1069,D,-169,D,01,D,90000,D
20203,04289224,9,0,1,01,D,100,D,1,D,0.0475,D,143,D,457,D,01,D,12000,D
20203,04289494,22,0,5,01,D,100,D,1,D,0.0475,D,131,F,73,F,01,D,11000,F
20203,04289804,46,0,5,01,D,100,D,1,D,0.0475,D,939,D,-189,D,01,D,79080,D
20203,04290534,31,0,5,01,D,100,D,1,D,0.0475,D,13,D,1090,D,01,D,1103,D
20203,04291434,42,0,5,01,D,100,D,2,D,0.0475,D,,A,,A,01,D,0,D
20203,04291594,31,0,1,01,D,100,D,1,D,0.0475,D,489,D,1011,D,01,D,41200,D
20203,04291614,23,0,5,01,D,100,D,1,D,0.0475,D,202,D,-52,D,01,D,17000,D
20203,04293114,77,0,5,01,D,100,D,1,D,0.0475,D,131,D,874,D,01,D,11000,D
20203,04293224,40,0,5,01,D,100,D,2,D,0.0475,D,,A,,A,01,D,0,D
20203,04293264,31,0,5,02,D,200,D,1,D,0.0475,D,154,D,875,D,01,D,13000,D
20203,04293514,32,0,5,01,D,100,D,1,D,0.0475,D,356,D,-116,D,01,D,30000,D
20203,04293514,33,0,5,01,D,100,D,1,D,0.0475,D,416,D,-176,D,02,D,35000,D
20203,04293834,18,0,5,01,D,100,D,2,D,0.0475,D,,A,,A,01,D,114000,D
20203,04294644,26,0,5,01,D,100,D,1,D,0.0475,D,9,D,741,D,01,D,750,D
20203,04295244,48,0,5,01,D,100,D,1,D,0.0475,D,689,D,610,D,01,D,58000,D
20203,04296574,24,0,5,01,D,100,D,1,D,0.0475,D,75,D,225,D,01,D,6300,D
20203,04296624,13,0,5,01,D,100,D,1,D,0.0475,D,261,D,189,D,01,D,22000,D
20203,04297734,25,0,5,01,D,100,D,1,D,0.0475,D,986,F,19412,V,01,D,83000,F
20203,04298224,18,0,5,01,D,100,D,1,D,0.0475,D,220,D,435,D,01,D,18500,D
20203,04299084,6,0,1,01,D,100,D,1,D,0.0475,D,273,D,927,D,01,D,23000,D
20203,04299164,21,0,5,01,D,100,D,2,D,0.0475,D,,A,,A,01,D,0,D
20203,04299534,19,0,5,01,D,100,D,1,D,0.0475,D,36,F,864,F,01,D,3000,F
20203,04310593,15,0,5,01,D,100,D,2,D,0.0475,D,,A,,A,01,D,200000,D
20203,04311643,39,0,5,01,D,100,D,1,D,0.0475,D,1793,D,-1635,T,01,D,151000,D
20203,04312013,28,0,5,01,D,100,D,1,D,0.0475,D,103,F,197,F,01,D,8700,F
20203,04312743,14,0,5,01,D,100,D,1,D,0.0475,D,46,F,275,F,01,D,3852,F
20203,04314003,44,0,5,01,D,100,D,2,D,0.0475,D,,A,,A,01,D,70500,D
20203,04314413,17,0,5,01,D,100,D,2,D,0.0475,D,,A,,A,01,D,47604,D
20203,04314853,38,0,5,01,D,100,D,1,D,0.0475,D,629,F,871,F,01,D,53000,F
20203,04316493,35,0,5,01,D,100,D,1,D,0.0475,D,190,D,35,D,01,D,16000,D
20203,04316893,20,0,5,01,D,100,D,1,D,0.0475,D,820,D,533,D,01,D,69042,D
20203,04318123,18,0,5,01,D,100,D,2,D,0.0475,D,558,F,42,F,01,D,47000,F
20203,04318303,22,0,5,01,D,100,D,2,D,0.0475,D,,A,,A,01,D,154522,D
20203,04319213,48,0,5,01,D,100,D,1,D,0.0475,D,1342,D,-142,D,01,D,113000,D
20203,04319503,22,0,5,01,D,100,D,1,D,0.0475,D,1722,D,-222,D,01,D,145000,D
20203,04319983,25,0,5,02,D,300,D,1,D,0.0475,D,950,D,22445,T,01,D,77667,T
20203,04320513,12,0,1,01,D,100,D,1,D,0.0475,D,71,F,514,F,01,D,6000,F
20203,04320593,22,0,5,01,D,100,D,1,D,0.0475,D,462,F,288,F,01,D,38864,F
20203,04320843,51,0,5,01,D,100,D,1,D,0.0475,D,0,D,0,D,01,D,0,D
20203,04322873,48,0,5,01,D,100,D,2,D,0.0475,D,,A,,A,01,D,37000,D
20203,04322953,47,0,5,01,D,100,D,1,D,0.0475,D,2079,D,-378,D,01,D,175100,D
20203,04323113,29,0,5,01,D,100,D,1,D,0.0475,D,594,D,-240,D,01,D,50000,D
20203,04323423,34,0,5,01,D,100,D,1,D,0.0475,D,14,D,1186,D,01,D,1200,D
20203,04324363,23,0,5,01,D,100,D,1,D,0.0475,D,558,D,42,D,01,D,47000,D
20203,04324493,36,0,5,01,D,100,D,1,D,0.0475,D,1069,F,-169,F,01,D,90000,F
20203,04324793,20,0,5,01,D,100,D,1,D,0.0475,D,594,D,1406,D,01,D,50000,D
20203,04325363,32,0,5,01,D,100,D,1,D,0.0475,D,0,D,0,D,01,D,0,D
20203,04325433,40,0,5,01,D,100,D,1,D,0.0475,D,437,D,463,D,01,D,36826,D
20203,04325463,22,0,5,01,D,100,D,1,D,0.0475,D,380,D,625,D,01,D,32000,D
20203,04325793,23,0,5,01,D,100,D,2,D,0.0475,D,,A,,A,01,D,0,D
20203,04326423,40,0,5,01,D,100,D,2,D,0.0475,D,,A,,A,01,D,0,D
20203,04327063,38,0,5,01,D,100,D,1,D,0.0475,D,3050,D,161,D,01,D,256834,D
20203,04327493,40,0,5,01,D,100,D,1,D,0.0475,D,154,F,875,F,01,D,13000,F
20203,04327543,38,0,5,01,D,100,D,2,D,0.0475,D,,A,,A,01,D,0,D
20203,04328283,10,0,5,01,D,100,D,2,D,0.0475,D,0,F,0,F,01,D,0,F
20203,04329713,12,0,1,01,D,100,D,1,D,0.0475,D,594,D,276,D,01,D,50000,D
20203,04330063,31,0,5,01,D,100,D,1,D,0.0475,D,475,F,275,F,01,D,40000,F
20203,04330193,23,0,5,01,D,100,D,1,D,0.0475,D,273,D,927,D,01,D,23000,D
20203,04330473,36,0,5,01,D,100,D,1,D,0.0475,D,71,D,514,D,01,D,6000,D
20203,04342633,18,0,5,01,D,100,D,2,D,0.0475,D,,A,,A,01,D,0,D
20203,04343423,22,0,5,01,D,100,D,2,D,0.0475,D,,A,,A,01,D,0,D
20203,04343573,24,0,5,01,D,100,D,1,D,0.0475,D,594,D,371,D,01,D,50000,D
20203,04344933,28,0,5,01,D,100,D,1,D,0.0475,D,119,D,4381,D,01,D,10000,D
20203,04345093,39,0,5,01,D,100,D,1,D,0.0475,D,119,D,181,D,01,D,10000,D
20203,04345503,20,0,5,02,D,300,D,1,D,0.0475,D,53,D,547,D,01,D,4500,D
20203,04346373,45,0,5,01,D,100,D,1,D,0.0475,D,119,D,4881,D,01,D,10000,D
20203,04346803,28,0,5,01,D,100,D,1,D,0.0475,D,178,D,1022,D,01,D,15000,D
20203,04347323,35,0,5,01,D,100,D,1,D,0.0475,D,33,D,5386,D,01,D,2754,D
20203,04347763,25,0,5,01,D,100,D,1,D,0.0475,D,629,D,1771,D,01,D,53000,D
20203,04350343,13,0,5,01,D,100,D,2,D,0.0475,D,,A,,A,01,D,0,D
20203,04351263,20,0,5,01,D,100,D,1,D,0.0475,D,594,D,6,D,01,D,50000,D
20203,04351463,23,0,5,01,D,100,D,2,D,0.0475,D,143,F,541,F,01,D,12000,F
20203,04351573,21,0,5,01,D,100,D,2,D,0.0475,D,12,F,1488,F,01,D,1000,F
20203,04351693,21,0,5,01,D,100,D,1,D,0.0475,D,74,D,6126,D,01,D,6200,D
20203,04378262,17,0,5,01,D,100,D,1,D,0.0475,D,1069,D,131,D,01,D,90000,D
20203,04378612,47,0,5,01,D,100,D,1,D,0.0475,D,1081,F,-181,F,01,D,91000,F
20203,04379382,28,0,5,01,D,100,D,1,D,0.0475,D,665,D,600,D,01,D,56000,D
20203,04379822,41,0,5,01,D,100,D,1,D,0.0475,D,0,D,0,D,01,D,0,D
20203,04379822,42,0,5,01,D,100,D,2,D,0.0475,D,,A,,A,02,D,0,D
20203,04384152,24,0,5,01,D,100,D,2,D,0.0475,D,,A,,A,01,D,14200,D
20203,04384772,24,0,5,01,D,100,D,1,D,0.0475,D,2874,D,7966,D,01,D,242000,D
20203,04384852,27,0,1,01,D,100,D,1,D,0.0475,D,202,F,-52,F,01,D,17000,F
20203,04385342,35,0,1,01,D,100,D,1,D,0.0475,D,511,D,4589,D,01,D,43000,D
20203,04385353,9,0,1,01,D,100,D,1,D,0.0475,D,90,D,510,D,01,D,7600,D
20203,04385422,38,0,5,01,D,100,D,1,D,0.0475,D,273,D,267,D,01,D,23000,D
20203,04385532,31,0,5,01,D,100,D,2,D,0.0475,D,,A,,A,01,D,0,D
20203,04385664,31,0,5,01,D,100,D,1,D,0.0475,D,46,D,275,D,01,D,3852,D
20203,04385664,32,0,5,01,D,100,D,1,D,0.0475,D,102,D,612,D,02,D,8626,D
20203,04388762,28,0,5,01,D,100,D,1,D,0.0475,D,629,F,2371,F,01,D,53000,F
20203,04388902,17,0,5,01,D,100,D,1,D,0.0475,D,499,F,19412,V,01,D,42000,F
20203,04389762,43,0,5,01,D,100,D,1,D,0.0475,D,5059,D,205,D,01,D,450612,T
20203,04390492,29,0,5,01,D,100,D,1,D,0.0475,D,707,F,-193,F,01,D,59500,F
20203,04392094,27,0,5,01,D,100,D,1,D,0.0475,D,986,D,19412,T,01,D,83000,D
20203,04393202,24,0,5,01,D,100,D,1,D,0.0475,D,344,D,2656,D,01,D,29000,D
20203,04393692,25,0,5,01,D,100,D,1,D,0.0475,D,950,D,1150,D,01,D,80000,D
20203,04394083,23,0,5,01,D,100,D,1,D,0.0475,D,103,D,197,D,01,D,8700,D
20203,04394512,27,0,1,01,D,100,D,1,D,0.0475,D,629,D,871,D,01,D,53000,D
20203,04394982,41,0,5,01,D,100,D,1,D,0.0475,D,295,D,1305,D,01,D,24850,D
20203,04395542,20,0,5,01,D,100,D,1,D,0.0475,D,273,D,3454,D,01,D,23000,D
20203,04397742,27,0,5,01,D,100,D,1,D,0.0475,D,707,D,-193,D,01,D,59500,D
20203,04399243,44,0,5,01,D,100,D,1,D,0.0475,D,178,D,2522,D,01,D,15000,D
20203,04399823,32,0,5,01,D,100,D,2,D,0.0475,D,,A,,A,01,D,0,D
20203,04400092,36,0,5,01,D,100,D,2,D,0.0475,D,,A,,A,01,D,0,D
20203,04400582,13,0,1,01,D,100,D,1,D,0.0475,D,487,D,133,D,01,D,41000,D
20203,04401402,8,0,1,01,D,100,D,2,D,0.0475,D,701,F,-179,F,01,D,59000,F
20203,04402642,35,0,5,01,D,100,D,1,D,0.0475,D,403,D,1597,D,01,D,33917,D
20203,04402872,33,0,5,01,D,100,D,2,D,0.0475,D,,A,,A,01,D,0,D
20203,04403503,40,0,5,01,D,100,D,1,D,0.0475,D,53,D,-39,D,01,D,4500,D
20203,04403692,28,0,5,01,D,100,D,1,D,0.0475,D,76,D,3424,D,01,D,6428,D
20203,04404293,25,0,5,01,D,100,D,1,D,0.0475,D,1140,F,19412,V,01,D,96000,F
20203,04404562,25,0,5,01,D,100,D,1,D,0.0475,D,208,D,992,D,01,D,17500,D
20203,04404612,23,0,1,01,D,100,D,1,D,0.0475,D,594,D,6,D,01,D,50000,D
20203,04405002,36,0,5,01,D,100,D,1,D,0.0475,D,0,D,0,D,01,D,0,D
20203,04405652,15,0,5,01,D,100,D,1,D,0.0475,D,261,D,639,D,01,D,22000,D
20203,04406872,7,0,5,01,D,100,D,2,D,0.0475,D,,A,,A,01,D,0,D
20203,04406952,29,0,5,01,D,100,D,1,D,0.0475,D,898,D,2102,D,01,D,75600,D
20203,04407722,40,0,5,01,D,100,D,1,D,0.0475,D,1253,D,-578,D,01,D,105500,D
20203,04407752,14,0,5,01,D,100,D,1,D,0.0475,D,166,F,1914,F,01,D,14000,F
20203,04408113,28,0,5,01,D,100,D,2,D,0.0475,D,,A,,A,01,D,110000,D
20203,04408162,59,0,5,01,D,100,D,1,D,0.0475,D,76,D,-6,D,01,D,6400,D
20203,04408372,55,0,5,01,D,100,D,1,D,0.0475,D,1069,D,131,D,01,D,90000,D
20203,04409592,19,0,5,01,D,100,D,2,D,0.0475,D,,A,,A,01,D,0,D
20203,04410562,34,0,1,01,D,100,D,1,D,0.0475,D,0,D,0,D,01,D,0,D
20203,04410562,35,0,1,02,D,300,D,2,D,0.0475,D,,A,,A,01,D,0,D
20203,04411452,59,0,5,01,D,100,D,2,D,0.0475,D,,A,,A,01,D,67000,D
20203,04412442,34,0,1,01,D,100,D,1,D,0.0475,D,33,F,5386,F,01,D,2754,F
20203,04413952,10,0,1,01,D,100,D,1,D,0.0475,D,2969,D,1531,D,01,D,250000,D
20203,04414122,16,0,1,01,D,100,D,1,D,0.0475,D,59,D,241,D,01,D,5000,D
20203,04414982,19,0,5,01,D,100,D,2,D,0.0475,D,,A,,A,01,D,0,D
20203,04415062,19,0,5,01,D,100,D,1,D,0.0475,D,202,D,116,D,01,D,17000,D
20203,04415942,21,0,5,01,D,100,D,2,D,0.0475,D,119,F,4881,F,01,D,10000,F
20203,04416312,24,0,5,01,D,100,D,1,D,0.0475,D,1164,D,-204,D,01,D,98000,D
20203,04416342,35,0,5,01,D,100,D,1,D,0.0475,D,701,D,-179,D,01,D,59000,D
20203,04416592,19,0,5,01,D,100,D,1,D,0.0475,D,1081,D,-181,D,01,D,91000,D
20203,04418974,38,0,5,01,D,100,D,1,D,0.0475,D,462,D,288,D,01,D,38864,D
20203,04419902,9,0,1,01,D,100,D,1,D,0.0475,D,475,D,275,D,01,D,40000,D
20203,04420043,16,0,5,01,D,100,D,1,D,0.0475,D,131,D,73,D,01,D,11000,D
20203,04420441,16,0,1,01,D,100,D,2,D,0.0475,D,,A,,A,01,D,15000,D
20203,04421631,23,0,1,01,D,100,D,1,D,0.0475,D,885,D,1518,D,01,D,74493,D
20203,04422281,16,0,1,01,D,100,D,2,D,0.0475,D,,A,,A,01,D,0,D
20203,04422911,9,0,1,01,D,100,D,1,D,0.0475,D,102,F,612,F,01,D,8626,F
20203,04423491,19,0,1,01,D,100,D,2,D,0.0475,D,,A,,A,01,D,0,D
20203,04425751,21,0,1,01,D,100,D,2,D,0.0475,D,,A,,A,01,D,0,D
20203,04426101,26,0,1,01,D,100,D,1,D,0.0475,D,594,F,6,F,01,D,50000,F
20203,04427481,14,0,1,01,D,100,D,1,D,0.0475,D,1425,D,1575,D,01,D,120000,D
20203,04428511,24,0,1,01,D,100,D,1,D,0.0475,D,368,D,232,D,01,D,31000,D
20203,04429591,11,0,1,01,D,100,D,1,D,0.0475,D,36,D,864,D,01,D,3000,D
20203,04429791,20,0,1,01,D,100,D,2,D,0.0475,D,,A,,A,01,D,0,D
20203,04429841,26,0,1,01,D,100,D,1,D,0.0475,D,285,D,615,D,01,D,24000,D
20203,04429941,7,0,1,01,D,100,D,1,D,0.0475,D,428,D,-38,D,01,D,36000,D
20203,04430491,39,0,1,01,D,100,D,1,D,0.0475,D,190,F,35,F,01,D,16000,F
20203,04431541,28,0,1,01,D,100,D,2,D,0.0475,D,,A,,A,01,D,0,D
20203,04462971,17,0,1,01,D,100,D,2,D,0.0475,D,,A,,A,01,D,0,D
20203,04464701,17,0,1,01,D,100,D,1,D,0.0475,D,56,D,644,D,01,D,4700,D
20203,04466321,27,0,1,01,D,100,D,1,D,0.0475,D,3,D,101,D,01,D,235,D
20203,04467261,11,0,1,01,D,100,D,1,D,0.0475,D,439,D,761,D,01,D,37000,D
20203,04468291,22,0,1,01,D,100,D,1,D,0.0475,D,401,D,610,D,01,D,33757,D
20203,04469891,34,0,1,01,D,100,D,1,D,0.0475,D,629,D,2371,D,01,D,53000,D
20203,04471411,19,0,1,01,D,100,D,1,D,0.0475,D,998,D,2752,D,01,D,84000,D
20203,04471731,22,0,1,01,D,100,D,1,D,0.0475,D,890,F,-296,F,01,D,74975,F
20203,04472191,35,0,1,01,D,100,D,1,D,0.0475,D,546,D,216,D,01,D,46000,D
20203,04503551,9,0,1,01,D,100,D,1,D,0.0475,D,594,D,906,D,01,D,50000,D
20203,04503921,16,0,1,01,D,100,D,2,D,0.0475,D,,A,,A,01,D,40000,D
20203,04504341,17,0,1,01,D,100,D,1,D,0.0475,D,36,D,384,D,01,D,3000,D
20203,04505001,36,0,1,01,D,100,D,1,D,0.0475,D,58,D,392,D,01,D,4861,D
20203,04505401,29,0,1,01,D,100,D,1,D,0.0475,D,428,D,1272,D,01,D,36000,D
20203,04506631,17,0,1,01,D,100,D,1,D,0.0475,D,315,F,285,F,01,D,26500,F
20203,04507111,5,0,1,01,D,100,D,1,D,0.0475,D,0,F,0,F,01,D,0,F
20203,04509101,18,0,1,01,D,100,D,1,D,0.0475,D,721,D,-31,D,01,D,60700,D
20203,04509251,12,0,1,01,D,100,D,1,D,0.0475,D,261,D,54,D,01,D,22000,D
20203,04509451,28,0,1,01,D,100,D,1,D,0.0475,D,315,D,285,D,01,D,26500,D
20203,04509881,42,0,1,01,D,100,D,1,D,0.0475,D,119,D,7481,D,01,D,10000,D
20203,04510011,11,0,1,01,D,100,D,1,D,0.0475,D,249,D,-4,D,01,D,21000,D
20203,04510031,28,0,1,01,D,100,D,2,D,0.0475,D,,A,,A,01,D,0,D
20203,04510031,29,0,1,01,D,100,D,2,D,0.0475,D,,A,,A,02,D,0,D
20203,04510591,7,0,1,01,D,100,D,,C,0.0475,D,998,F,2752,F,01,D,84000,F
20203,04510891,36,0,1,01,D,100,D,1,D,0.0475,D,594,D,-247,D,01,D,50000,D
20203,04511171,12,0,1,01,D,100,D,1,D,0.0475,D,235,D,2765,D,01,D,19800,D
20203,04513021,28,0,1,01,D,100,D,1,D,0.0475,D,166,D,1914,D,01,D,14000,D
20203,04513461,21,0,1,01,D,100,D,1,D,0.0475,D,1188,D,19412,T,01,D,100000,D
20203,04513741,14,0,1,01,D,100,D,1,D,0.0475,D,208,F,992,F,01,D,17500,F
20203,04514061,25,0,1,01,D,100,D,1,D,0.0475,D,28,D,1472,D,01,D,2360,D
20204,04310594,13,0,5,01,D,100,D,2,D,0.0475,D,,A,,A,01,D,0,D
20204,04311644,45,0,5,01,D,100,D,2,D,0.0475,D,,A,,A,01,D,0,D
20204,04312014,54,0,5,01,D,100,D,1,D,0.0475,D,855,D,3645,D,01,D,72000,D
20204,04312744,12,0,5,01,D,100,D,1,D,0.0475,D,817,F,548,F,01,D,68787,F
20204,04313464,17,0,5,01,D,100,D,2,D,0.0475,D,,A,,A,01,D,7000,D
20204,04314004,67,0,5,01,D,100,D,2,D,0.0475,D,,A,,A,01,D,0,D
20204,04314414,20,0,5,01,D,100,D,1,D,0.0475,D,593,D,873,D,01,D,49896,D
20204,04314854,40,0,5,01,D,100,D,1,D,0.0475,D,261,F,123,F,01,D,22000,F
20204,04316244,11,0,1,01,D,100,D,1,D,0.0475,D,2399,D,1951,D,01,D,202000,D
20204,04316494,50,0,5,01,D,100,D,1,D,0.0475,D,4038,F,2262,F,01,D,440586,V
20204,04316894,23,0,5,01,D,100,D,1,D,0.0475,D,817,D,548,D,01,D,68787,D
20204,04318124,25,0,5,01,D,100,D,2,D,0.0475,D,,A,,A,01,D,0,D
20204,04318304,20,0,5,01,D,100,D,1,D,0.0475,D,95,D,1205,D,01,D,8000,D
20204,04319214,45,0,5,01,D,100,D,1,D,0.0475,D,1318,D,-118,D,01,D,111000,D
20204,04319504,31,0,5,01,D,100,D,1,D,0.0475,D,2518,D,-868,D,01,D,212000,D
20204,04320594,26,0,5,01,D,100,D,1,D,0.0475,D,0,D,0,D,01,D,0,D
20204,04320844,51,0,5,01,D,100,D,1,D,0.0475,D,380,D,190,D,01,D,32000,D
20204,04322384,24,0,5,01,D,100,D,1,D,0.0475,D,511,F,2789,F,01,D,43000,F
20204,04322874,66,0,5,01,D,100,D,2,D,0.0475,D,2518,F,-868,F,01,D,212000,F
20204,04322954,57,0,5,01,D,100,D,1,D,0.0475,D,2032,D,3747,D,01,D,171120,D
20204,04323114,29,0,5,01,D,100,D,2,D,0.0475,D,,A,,A,01,D,0,D
20204,04323424,35,0,5,01,D,100,D,1,D,0.0475,D,653,D,2347,D,01,D,55000,D
20204,04324364,18,0,5,01,D,100,D,1,D,0.0475,D,558,D,42,D,01,D,47000,D
20204,04324494,42,0,5,01,D,100,D,1,D,0.0475,D,2138,D,2362,D,01,D,180000,D
20204,04324814,17,0,5,01,D,100,D,1,D,0.0475,D,831,D,3669,D,01,D,70000,D
20204,04325364,26,0,5,01,D,100,D,2,D,0.0475,D,,A,,A,01,D,0,D
20204,04325434,39,0,5,01,D,100,D,1,D,0.0475,D,428,D,472,D,01,D,36000,D
20204,04325464,24,0,5,01,D,100,D,1,D,0.0475,D,333,D,777,D,01,D,28000,D
20204,04325794,18,0,5,01,D,100,D,2,D,0.0475,D,,A,,A,01,D,0,D
20204,04326424,35,0,5,01,D,100,D,2,D,0.0475,D,,A,,A,01,D,0,D
20204,04327064,51,0,5,01,D,100,D,1,D,0.0475,D,3038,D,-1303,T,01,D,255835,D
20204,04327494,47,0,5,01,D,100,D,1,D,0.0475,D,1888,D,-1303,T,01,D,159000,D
20204,04327544,35,0,5,01,D,100,D,2,D,0.0475,D,,A,,A,01,D,0,D
20204,04328684,34,0,5,02,D,300,D,1,D,0.0475,D,1188,D,,T,01,D,90000,T
20204,04329714,11,0,5,01,D,100,D,1,D,0.0475,D,831,D,-21,D,01,D,70000,D
20204,04330064,28,0,5,01,D,100,D,1,D,0.0475,D,10,D,398,D,01,D,800,D
20204,04330194,32,0,5,01,D,100,D,1,D,0.0475,D,285,D,1165,D,01,D,24000,D
20204,04330474,36,0,5,01,D,100,D,1,D,0.0475,D,65,D,520,D,01,D,5500,D
20204,04342634,17,0,5,01,D,100,D,2,D,0.0475,D,689,F,-137,F,01,D,58000,F
20204,04343424,30,0,5,01,D,100,D,2,D,0.0475,D,,A,,A,01,D,0,D
20204,04343564,36,0,1,01,D,100,D,1,D,0.0475,D,2078,D,622,D,01,D,175000,D
20204,04343574,18,0,5,01,D,100,D,1,D,0.0475,D,1484,D,76,D,01,D,125000,D
20204,04344934,28,0,5,01,D,100,D,1,D,0.0475,D,119,D,2881,D,01,D,10000,D
20204,04345094,44,0,5,01,D,100,D,1,D,0.0475,D,107,D,193,D,01,D,9000,D
20204,04345854,29,0,5,01,D,100,D,1,D,0.0475,D,356,D,-244,D,01,D,30000,D
20204,04346374,56,0,5,01,D,100,D,1,D,0.0475,D,27,D,2267,D,01,D,2294,D
20204,04346804,25,0,5,01,D,100,D,1,D,0.0475,D,214,D,986,D,01,D,18000,D
20204,04347324,35,0,5,01,D,100,D,1,D,0.0475,D,48,D,3952,D,01,D,4000,D
20204,04347764,28,0,5,01,D,100,D,1,D,0.0475,D,618,D,882,D,01,D,52000,D
20204,04350344,20,0,5,01,D,100,D,1,D,0.0475,D,15,D,2025,D,01,D,1300,D
20204,04351264,20,0,5,01,D,100,D,2,D,0.0475,D,,A,,A,01,D,49000,D
20204,04351694,17,0,5,01,D,100,D,1,D,0.0475,D,71,D,5929,D,01,D,6000,D
20204,04378263,18,0,5,01,D,100,D,1,D,0.0475,D,1069,D,30592,T,01,D,90000,D
20204,04378613,42,0,5,01,D,100,D,2,D,0.0475,D,,A,,A,01,D,81,D
20204,04379383,28,0,5,01,D,100,D,1,D,0.0475,D,618,D,882,D,01,D,52000,D
20204,04379823,39,0,5,01,D,100,D,2,D,0.0475,D,,A,,A,01,D,9200,D
20204,04379823,40,0,5,01,D,100,D,2,D,0.0475,D,,A,,A,02,D,0,D
20204,04383333,13,0,1,01,D,100,D,1,D,0.0475,D,178,D,1622,D,01,D,15000,D
20204,04384153,20,0,5,01,D,100,D,1,D,0.0475,D,689,D,-469,D,01,D,58000,D
20204,04384773,31,0,5,01,D,100,D,1,D,0.0475,D,2810,D,30592,T,01,D,236590,D
20204,04384853,24,0,5,01,D,100,D,1,D,0.0475,D,333,D,567,D,01,D,28000,D
20204,04385343,42,0,5,01,D,100,D,1,D,0.0475,D,511,D,2789,D,01,D,43000,D
20204,04385354,11,0,5,01,D,100,D,1,D,0.0475,D,83,D,517,D,01,D,7000,D
20204,04385423,24,0,5,01,D,100,D,1,D,0.0475,D,261,D,123,D,01,D,22000,D
20204,04385633,7,0,1,01,D,100,D,1,D,0.0475,D,2138,F,2362,F,01,D,180000,F
20204,04386153,10,0,1,01,D,100,D,1,D,0.0475,D,201,D,216,D,01,D,16900,D
20204,04388763,31,0,5,01,D,100,D,1,D,0.0475,D,107,F,30592,V,01,D,9000,F
20204,04388903,17,0,5,01,D,100,D,1,D,0.0475,D,618,F,882,F,01,D,52000,F
20204,04389763,40,0,5,01,D,100,D,1,D,0.0475,D,5131,D,-77,D,01,D,440586,T
20204,04390493,33,0,5,01,D,100,D,1,D,0.0475,D,119,D,231,D,01,D,10000,D
20204,04391143,30,0,1,01,D,100,D,1,D,0.0475,D,3,D,235,D,01,D,238,D
20204,04391943,23,0,5,01,D,100,D,2,D,0.0475,D,,A,,A,01,D,40000,D
20204,04393203,20,0,5,01,D,100,D,1,D,0.0475,D,358,D,638,D,01,D,30140,D
20204,04393693,28,0,5,01,D,100,D,1,D,0.0475,D,998,D,1102,D,01,D,84000,D
20204,04394084,19,0,5,01,D,100,D,1,D,0.0475,D,19,D,311,D,01,D,1600,D
20204,04394983,34,0,5,01,D,100,D,1,D,0.0475,D,288,D,797,D,01,D,24238,D
20204,04395063,15,0,1,01,D,100,D,1,D,0.0475,D,74,F,-14,F,01,D,6200,F
20204,04395444,14,0,5,01,D,100,D,2,D,0.0475,D,,A,,A,01,D,200,D
20204,04395543,26,0,5,01,D,100,D,1,D,0.0475,D,226,D,1274,D,01,D,19000,D
20204,04395653,34,0,1,02,D,200,D,1,D,0.0475,D,1069,F,30592,V,01,D,90000,F
20204,04397743,25,0,5,01,D,100,D,1,D,0.0475,D,713,D,-113,D,01,D,60000,D
20204,04398223,12,0,1,01,D,100,D,2,D,0.0475,D,,A,,A,01,D,5500,D
20204,04399244,39,0,5,01,D,100,D,1,D,0.0475,D,202,D,2498,D,01,D,17000,D
20204,04399824,34,0,5,01,D,100,D,1,D,0.0475,D,2032,F,3747,F,01,D,171120,F
20204,04400093,30,0,5,01,D,100,D,2,D,0.0475,D,,A,,A,01,D,0,D
20204,04400583,21,0,5,01,D,100,D,2,D,0.0475,D,,A,,A,01,D,41000,D
20204,04400943,29,0,5,01,D,100,D,1,D,0.0475,D,588,F,312,F,01,D,49500,F
20204,04402643,36,0,5,01,D,100,D,1,D,0.0475,D,380,D,2620,D,01,D,32000,D
20204,04402873,33,0,5,01,D,100,D,2,D,0.0475,D,,A,,A,01,D,0,D
20204,04403504,35,0,5,01,D,100,D,1,D,0.0475,D,65,D,-5,D,01,D,5500,D
20204,04403693,29,0,5,01,D,100,D,1,D,0.0475,D,71,D,929,D,01,D,6000,D
20204,04404294,23,0,5,01,D,100,D,1,D,0.0475,D,938,F,562,F,01,D,79000,F
20204,04404563,23,0,5,01,D,100,D,1,D,0.0475,D,196,D,609,D,01,D,16500,D
20204,04404613,29,0,5,01,D,100,D,1,D,0.0475,D,588,D,312,D,01,D,49500,D
20204,04405003,24,0,5,01,D,100,D,2,D,0.0475,D,,A,,A,01,D,0,D
20204,04406953,36,0,5,01,D,100,D,1,D,0.0475,D,872,D,1428,D,01,D,73400,D
20204,04407393,18,0,1,01,D,100,D,2,D,0.0475,D,,A,,A,01,D,0,D
20204,04407723,36,0,5,01,D,100,D,1,D,0.0475,D,1253,D,-591,D,01,D,105500,D
20204,04408114,29,0,5,01,D,100,D,2,D,0.0475,D,,A,,A,01,D,0,D
20204,04408163,42,0,5,01,D,100,D,1,D,0.0475,D,74,D,-14,D,01,D,6200,D
20204,04408173,13,0,1,01,D,100,D,1,D,0.0475,D,238,D,1262,D,01,D,20000,D
20204,04408373,39,0,5,01,D,100,D,2,D,0.0475,D,,A,,A,01,D,0,D
20204,04409593,19,0,5,01,D,100,D,1,D,0.0475,D,1188,D,-888,D,01,D,100000,D
20204,04411453,70,0,5,01,D,100,D,1,D,0.0475,D,525,D,20,D,01,D,44224,D
20204,04414123,13,0,5,01,D,100,D,2,D,0.0475,D,19,F,311,F,01,D,1600,F
20204,04414983,23,0,5,01,D,100,D,2,D,0.0475,D,,A,,A,01,D,0,D
20204,04415063,22,0,5,01,D,100,D,1,D,0.0475,D,238,D,80,D,01,D,20000,D
20204,04416313,24,0,5,01,D,100,D,1,D,0.0475,D,1044,D,30592,T,01,D,87885,D
20204,04416343,39,0,5,01,D,100,D,2,D,0.0475,D,,A,,A,01,D,58330,D
20204,04416593,15,0,5,01,D,100,D,1,D,0.0475,D,1051,D,449,D,01,D,88500,D
20204,04417813,44,0,5,01,D,100,D,2,D,0.0475,D,,A,,A,01,D,0,D
20204,04418253,23,0,5,01,D,100,D,1,D,0.0475,D,831,F,3669,F,01,D,70000,F
20204,04418373,44,0,1,01,D,100,D,2,D,0.0475,D,,A,,A,01,D,0,D
20204,04419903,16,0,5,01,D,100,D,1,D,0.0475,D,428,F,472,F,01,D,36000,F
20204,04420044,16,0,5,01,D,100,D,1,D,0.0475,D,131,D,49,D,01,D,11000,D
20204,04420442,23,0,5,01,D,100,D,1,D,0.0475,D,176,D,374,D,01,D,14800,D
20204,04420582,26,0,1,01,D,100,D,1,D,0.0475,D,356,D,454,D,01,D,30000,D
20204,04422062,14,0,1,01,D,100,D,1,D,0.0475,D,356,F,1244,F,01,D,30000,F
20204,04422282,21,0,5,01,D,100,D,2,D,0.0475,D,,A,,A,01,D,0,D
20204,04422842,21,0,1,01,D,100,D,1,D,0.0475,D,534,D,2136,D,01,D,45000,D
20204,04422912,14,0,5,01,D,100,D,1,D,0.0475,D,107,D,30592,T,01,D,9000,D
20204,04423492,29,0,5,01,D,100,D,2,D,0.0475,D,,A,,A,01,D,0,D
20204,04425752,23,0,5,01,D,100,D,2,D,0.0475,D,,A,,A,01,D,0,D
20204,04426102,26,0,5,01,D,100,D,1,D,0.0475,D,202,F,2498,F,01,D,17000,F
20204,04427482,20,0,5,01,D,100,D,1,D,0.0475,D,950,D,2650,D,01,D,80000,D
20204,04428872,60,0,5,01,D,100,D,1,D,0.0475,D,0,D,0,D,01,D,0,D
20204,04429792,32,0,5,01,D,100,D,1,D,0.0475,D,950,D,1450,D,01,D,80000,D
20204,04429842,53,0,5,01,D,100,D,1,D,0.0475,D,0,D,0,D,01,D,0,D
20204,04430022,21,0,1,01,D,100,D,2,D,0.0475,D,,A,,A,01,D,200000,D
20204,04430492,40,0,5,01,D,100,D,2,D,0.0475,D,65,F,-5,F,01,D,5500,F
20204,04462972,23,0,5,01,D,100,D,2,D,0.0475,D,,A,,A,01,D,0,D
20204,04466322,41,0,5,01,D,100,D,1,D,0.0475,D,28,D,287,D,01,D,2394,D
20204,04467262,16,0,5,01,D,100,D,1,D,0.0475,D,428,D,322,D,01,D,36000,D
20204,04467862,11,0,1,01,D,100,D,1,D,0.0475,D,1057,F,3227,F,01,D,89000,F
20204,04468292,14,0,5,01,D,100,D,1,D,0.0475,D,390,D,2094,D,01,D,32864,D
20204,04469892,34,0,5,01,D,100,D,1,D,0.0475,D,570,D,2430,D,01,D,48000,D
20204,04471142,15,0,1,01,D,100,D,2,D,0.0475,D,,A,,A,01,D,42000,D
20204,04471412,30,0,5,01,D,100,D,2,D,0.0475,D,,A,,A,01,D,131000,D
20204,04471732,29,0,5,01,D,100,D,1,D,0.0475,D,226,D,224,D,01,D,19000,D
20204,04472192,39,0,5,01,D,100,D,1,D,0.0475,D,534,D,290,D,01,D,45000,D
20204,04503552,12,0,5,01,D,100,D,2,D,0.0475,D,,A,,A,01,D,0,D
20204,04503922,21,0,5,01,D,100,D,1,D,0.0475,D,404,D,-126,D,01,D,34000,D
20204,04505002,41,0,5,01,D,100,D,2,D,0.0475,D,,A,,A,01,D,2320,D
20204,04505402,25,0,5,01,D,100,D,1,D,0.0475,D,1188,D,1812,D,01,D,100000,D
20204,04506632,24,0,5,01,D,100,D,1,D,0.0475,D,59,D,41,D,01,D,5000,D
20204,04509102,21,0,5,01,D,100,D,1,D,0.0475,D,722,D,-41,D,01,D,60811,D
20204,04509252,14,0,5,01,D,100,D,1,D,0.0475,D,475,D,-175,D,01,D,40000,D
20204,04510012,22,0,5,01,D,100,D,1,D,0.0475,D,249,D,516,D,01,D,21000,D
20204,04510032,49,0,5,01,D,100,D,2,D,0.0475,D,,A,,A,01,D,0,D
20204,04510032,50,0,5,01,D,100,D,2,D,0.0475,D,,A,,A,02,D,0,D
20204,04510892,32,0,5,01,D,100,D,2,D,0.0475,D,,A,,A,01,D,0,D
20204,04511172,34,0,5,01,D,100,D,1,D,0.0475,D,202,D,2798,D,01,D,16971,D
20204,04513022,27,0,5,01,D,100,D,2,D,0.0475,D,,A,,A,01,D,30000,D
20204,04513742,21,0,5,01,D,100,D,2,D,0.0475,D,872,F,1428,F,01,D,73400,F
20204,04514062,34,0,5,01,D,100,D,1,D,0.0475,D,261,D,1239,D,01,D,22013,D
20204,04544451,26,0,1,01,D,100,D,1,D,0.0475,D,261,D,1471,D,01,D,22000,D
20204,04544551,18,0,1,01,D,100,D,1,D,0.0475,D,128,D,194,D,01,D,10752,D
20204,04544921,9,0,1,01,D,100,D,1,D,0.0475,D,558,F,42,F,01,D,47000,F
20204,04545181,34,0,1,01,D,100,D,2,D,0.0475,D,,A,,A,01,D,140000,D
20204,04545791,13,0,1,01,D,100,D,1,D,0.0475,D,594,D,60,D,01,D,50000,D
20204,04546351,14,0,1,01,D,100,D,2,D,0.0475,D,,A,,A,01,D,0,D
20204,04546861,18,0,1,01,D,100,D,2,D,0.0475,D,,A,,A,01,D,0,D
20204,04547121,20,0,1,01,D,100,D,1,D,0.0475,D,143,F,487,F,01,D,12000,F
20204,04547191,18,0,1,01,D,100,D,1,D,0.0475,D,178,D,437,D,01,D,15000,D
20204,04548461,23,0,1,01,D,100,D,2,D,0.0475,D,,A,,A,01,D,56000,D
20204,04549181,9,0,1,01,D,100,D,1,D,0.0475,D,534,F,2136,F,01,D,45000,F
20204,04549741,26,0,1,01,D,100,D,1,D,0.0475,D,119,D,3481,D,01,D,10000,D
20204,04551251,16,0,1,01,D,100,D,1,D,0.0475,D,356,D,1244,D,01,D,30000,D
20204,04551331,20,0,1,01,D,100,D,1,D,0.0475,D,650,D,850,D,01,D,54731,D
20204,04552571,30,0,1,01,D,100,D,1,D,0.0475,D,13,D,-1,D,01,D,1086,D
20204,04553741,15,0,1,01,D,100,D,1,D,0.0475,D,1306,D,1244,D,01,D,110000,D
20204,04555391,24,0,1,01,D,100,D,1,D,0.0475,D,12,D,-6,D,01,D,1000,D
20204,04555901,10,0,1,01,D,100,D,1,D,0.0475,D,653,D,2647,D,01,D,55000,D
20204,04555981,13,0,1,01,D,100,D,2,D,0.0475,D,,A,,A,01,D,0,D
20204,04556691,39,0,1,01,D,100,D,1,D,0.0475,D,178,D,572,D,01,D,15000,D
20204,04557781,18,0,1,01,D,100,D,1,D,0.0475,D,9,D,414,D,01,D,735,D
20204,04558581,10,0,1,01,D,100,D,1,D,0.0475,D,564,D,936,D,01,D,47500,D
20204,04558901,8,0,1,01,D,100,D,1,D,0.0475,D,1188,D,-408,D,01,D,100000,D
20204,04559471,19,0,1,01,D,100,D,1,D,0.0475,D,143,D,487,D,01,D,12000,D
20204,04562411,19,0,1,01,D,100,D,2,D,0.0475,D,,A,,A,01,D,15000,D
20204,04562661,17,0,1,01,D,100,D,1,D,0.0475,D,4038,D,2262,D,01,D,440586,T
20204,04562821,16,0,1,01,D,100,D,1,D,0.0475,D,618,D,2382,D,01,D,52000,D
20204,04563071,12,0,1,01,D,100,D,1,D,0.0475,D,1057,D,3227,D,01,D,89000,D
20204,04563311,8,0,1,01,D,100,D,2,D,0.0475,D,,A,,A,01,D,85000,D
20204,04563541,20,0,1,01,D,100,D,1,D,0.0475,D,273,D,627,D,01,D,23000,D
20204,04563731,12,0,1,01,D,100,D,1,D,0.0475,D,75,D,345,D,01,D,6339,D
20204,04563851,14,0,1,01,D,100,D,1,D,0.0475,D,115,D,62,D,01,D,9700,D
20204,04564021,15,0,1,01,D,100,D,1,D,0.0475,D,950,D,-50,D,01,D,80000,D
20204,04566161,14,0,1,01,D,100,D,1,D,0.0475,D,689,D,-137,D,01,D,58000,D
20204,04566561,45,0,1,01,D,100,D,1,D,0.0475,D,221,D,2974,D,01,D,18599,D
20204,04566821,19,0,1,01,D,100,D,1,D,0.0475,D,689,D,5311,D,01,D,58000,D
20204,04569941,6,0,1,01,D,100,D,1,D,0.0475,D,95,D,205,D,01,D,8000,D
20204,04571601,10,0,1,01,D,100,D,1,D,0.0475,D,570,F,2430,F,01,D,48000,F
20204,04571761,26,0,1,01,D,100,D,2,D,0.0475,D,,A,,A,01,D,0,D
20204,04571871,8,0,1,01,D,100,D,2,D,0.0475,D,,A,,A,01,D,0,D
20204,04572211,28,0,1,01,D,100,D,1,D,0.0475,D,938,D,562,D,01,D,79000,D
20204,04572421,18,0,1,01,D,100,D,1,D,0.0475,D,261,D,1539,D,01,D,22000,D
20204,04574481,14,0,1,01,D,100,D,1,D,0.0475,D,1199,D,4201,D,01,D,101000,D
20204,04574801,27,0,1,02,D,200,D,1,D,0.0475,D,12,F,-6,F,01,D,1000,F
20204,04575161,10,0,1,01,D,100,D,1,D,0.0475,D,534,F,290,F,01,D,45000,F
20204,04575261,40,0,1,01,D,100,D,1,D,0.0475,D,201,D,1574,D,01,D,16900,D
20204,04576011,14,0,1,01,D,100,D,2,D,0.0475,D,,A,,A,01,D,0,D
20204,04576441,22,0,1,01,D,100,D,1,D,0.0475,D,267,D,768,D,01,D,22500,D
20204,04578041,11,0,1,01,D,100,D,1,D,0.0475,D,83,F,517,F,01,D,7000,F
20204,04578461,19,0,1,01,D,100,D,1,D,0.0475,D,95,D,5,D,01,D,7982,D
20204,04578611,36,0,1,02,D,300,D,2,D,0.0475,D,,A,,A,01,D,0,D
20211,04378264,17,0,5,01,D,100,D,2,D,0.0475,D,,A,,A,01,D,0,D
20211,04378614,53,0,5,01,D,100,D,2,D,0.0475,D,,A,,A,01,D,0,D
20211,04379384,28,0,5,01,D,100,D,1,D,0.0475,D,641,D,859,D,01,D,54000,D
20211,04379824,39,0,5,01,D,100,D,1,D,0.0475,D,109,D,30592,T,01,D,9200,D
20211,04379824,40,0,5,01,D,100,D,2,D,0.0475,D,,A,,A,02,D,0,D
20211,04383334,22,0,5,01,D,100,D,1,D,0.0475,D,166,D,1634,D,01,D,14000,D
20211,04384154,21,0,5,01,D,100,D,1,D,0.0475,D,694,D,-226,D,01,D,58425,D
20211,04384774,33,0,5,01,D,100,D,1,D,0.0475,D,2719,D,7896,D,01,D,229000,D
20211,04384854,28,0,5,01,D,100,D,1,D,0.0475,D,321,D,879,D,01,D,27000,D
20211,04384874,11,0,1,01,D,100,D,1,D,0.0475,D,701,D,-227,D,01,D,59000,D
20211,04385424,26,0,5,01,D,100,D,2,D,0.0475,D,41,F,6209,F,01,D,3460,F
20211,04385634,17,0,5,01,D,100,D,1,D,0.0475,D,214,F,386,F,01,D,18000,F
20211,04386154,16,0,5,01,D,100,D,1,D,0.0475,D,205,D,242,D,01,D,17296,D
20211,04388764,30,0,5,01,D,100,D,1,D,0.0475,D,131,D,331,D,01,D,11000,D
20211,04389764,43,0,5,01,D,100,D,1,D,0.0475,D,5166,D,234,D,01,D,440586,T
20211,04390494,35,0,5,01,D,100,D,1,D,0.0475,D,119,D,181,D,01,D,10000,D
20211,04391144,29,0,5,01,D,100,D,2,D,0.0475,D,760,F,2240,F,01,D,64000,F
20211,04393204,25,0,5,01,D,100,D,1,D,0.0475,D,344,D,652,D,01,D,29000,D
20211,04393694,23,0,5,01,D,100,D,1,D,0.0475,D,962,D,1138,D,01,D,81000,D
20211,04394984,44,0,5,01,D,100,D,1,D,0.0475,D,273,D,2229,D,01,D,23000,D
20211,04395544,23,0,5,01,D,100,D,1,D,0.0475,D,390,F,-72,F,01,D,32800,F
20211,04397194,34,0,5,01,D,100,D,2,D,0.0475,D,,A,,A,01,D,0,D
20211,04397744,26,0,5,01,D,100,D,1,D,0.0475,D,736,D,-301,D,01,D,62000,D
20211,04400094,34,0,5,01,D,100,D,2,D,0.0475,D,,A,,A,01,D,0,D
20211,04400584,22,0,5,01,D,100,D,1,D,0.0475,D,475,D,425,D,01,D,40000,D
20211,04400944,30,0,5,01,D,100,D,1,D,0.0475,D,95,F,1270,F,01,D,8000,F
20211,04402644,36,0,5,01,D,100,D,1,D,0.0475,D,350,D,2650,D,01,D,29508,D
20211,04402874,41,0,5,01,D,100,D,2,D,0.0475,D,,A,,A,01,D,0,D
20211,04403694,24,0,5,01,D,100,D,1,D,0.0475,D,368,D,-68,D,01,D,31000,D
20211,04404564,26,0,5,01,D,100,D,1,D,0.0475,D,190,D,1010,D,01,D,16000,D
20211,04404614,37,0,5,01,D,100,D,1,D,0.0475,D,344,F,652,F,01,D,29000,F
20211,04405004,28,0,5,01,D,100,D,2,D,0.0475,D,,A,,A,01,D,0,D
20211,04405654,18,0,5,01,D,100,D,1,D,0.0475,D,261,D,669,D,01,D,22000,D
20211,04406954,33,0,5,01,D,100,D,1,D,0.0475,D,866,D,634,D,01,D,72948,D
20211,04407394,26,0,5,01,D,100,D,2,D,0.0475,D,,A,,A,01,D,0,D
20211,04407724,46,0,5,01,D,100,D,1,D,0.0475,D,1223,D,877,D,01,D,103000,D
20211,04407754,32,0,5,01,D,100,D,1,D,0.0475,D,538,D,1462,D,01,D,45330,D
20211,04408164,49,0,5,01,D,100,D,1,D,0.0475,D,41,D,6209,D,01,D,3460,D
20211,04408174,18,0,5,01,D,100,D,1,D,0.0475,D,1045,D,155,D,01,D,88000,D
20211,04408374,41,0,5,01,D,100,D,2,D,0.0475,D,,A,,A,01,D,0,D
20211,04411454,75,0,5,01,D,100,D,1,D,0.0475,D,685,D,-201,D,01,D,57700,D
20211,04412204,11,0,1,01,D,100,D,1,D,0.0475,D,534,D,-305,D,01,D,45000,D
20211,04412444,25,0,5,01,D,100,D,1,D,0.0475,D,172,F,3061,F,01,D,14477,F
20211,04414124,15,0,5,01,D,100,D,2,D,0.0475,D,,A,,A,01,D,0,D
20211,04414984,18,0,5,01,D,100,D,2,D,0.0475,D,,A,,A,01,D,0,D
20211,04415064,22,0,5,01,D,100,D,2,D,0.0475,D,,A,,A,01,D,0,D
20211,04415944,26,0,5,01,D,100,D,1,D,0.0475,D,166,D,134,D,01,D,14000,D
20211,04416314,22,0,5,01,D,100,D,1,D,0.0475,D,1037,D,-50,D,01,D,87318,D
20211,04416344,43,0,5,01,D,100,D,2,D,0.0475,D,,A,,A,01,D,58313,D
20211,04416594,19,0,5,01,D,100,D,1,D,0.0475,D,974,D,526,D,01,D,82000,D
20211,04417814,60,0,5,01,D,100,D,2,D,0.0475,D,,A,,A,01,D,0,D
20211,04418254,29,0,5,01,D,100,D,1,D,0.0475,D,214,F,230,F,01,D,18000,F
20211,04418374,44,0,5,01,D,100,D,2,D,0.0475,D,,A,,A,01,D,0,D
20211,04419904,19,0,5,01,D,100,D,2,D,0.0475,D,,A,,A,01,D,50000,D
20211,04420443,27,0,5,01,D,100,D,2,D,0.0475,D,,A,,A,01,D,14000,D
20211,04421573,30,0,5,01,D,100,D,2,D,0.0475,D,,A,,A,01,D,34288,D
20211,04422063,16,0,5,01,D,100,D,1,D,0.0475,D,451,F,-151,F,01,D,38000,F
20211,04422843,26,0,5,01,D,100,D,1,D,0.0475,D,530,D,1300,D,01,D,44600,D
20211,04423493,43,0,5,01,D,100,D,2,D,0.0475,D,,A,,A,01,D,0,D
20211,04424653,8,0,1,01,D,100,D,2,D,0.0475,D,,A,,A,01,D,32000,D
20211,04425753,23,0,5,01,D,100,D,2,D,0.0475,D,,A,,A,01,D,0,D
20211,04426103,33,0,5,01,D,100,D,1,D,0.0475,D,226,F,152,F,01,D,19000,F
20211,04427483,21,0,5,01,D,100,D,1,D,0.0475,D,1306,D,1244,D,01,D,110000,D
20211,04428873,61,0,5,01,D,100,D,2,D,0.0475,D,,A,,A,01,D,11500,D
20211,04429793,38,0,5,01,D,100,D,2,D,0.0475,D,,A,,A,01,D,0,D
20211,04429843,34,0,5,01,D,100,D,1,D,0.0475,D,0,D,0,D,01,D,0,D
20211,04429943,11,0,5,01,D,100,D,1,D,0.0475,D,1140,D,360,D,01,D,96000,D
20211,04430023,26,0,5,01,D,100,D,2,D,0.0475,D,432,F,718,F,01,D,36405,F
20211,04430493,32,0,5,01,D,100,D,2,D,0.0475,D,,A,,A,01,D,0,D
20211,04431543,28,0,5,01,D,100,D,2,D,0.0475,D,,A,,A,01,D,127000,D
20211,04462973,21,0,5,01,D,100,D,2,D,0.0475,D,,A,,A,01,D,0,D
20211,04465573,12,0,1,01,D,100,D,1,D,0.0475,D,760,D,2240,D,01,D,64000,D
20211,04466323,51,0,5,01,D,100,D,1,D,0.0475,D,23,D,333,D,01,D,1934,D
20211,04467263,14,0,5,01,D,100,D,1,D,0.0475,D,432,D,718,D,01,D,36405,D
20211,04468293,20,0,5,01,D,100,D,2,D,0.0475,D,,A,,A,01,D,29500,D
20211,04471413,36,0,5,01,D,100,D,1,D,0.0475,D,1508,D,2992,D,01,D,127000,D
20211,04471733,30,0,5,01,D,100,D,1,D,0.0475,D,226,D,152,D,01,D,19000,D
20211,04472193,46,0,5,01,D,100,D,2,D,0.0475,D,,A,,A,01,D,0,D
20211,04503553,11,0,5,01,D,100,D,1,D,0.0475,D,321,D,-21,D,01,D,27000,D
20211,04503923,32,0,5,01,D,100,D,1,D,0.0475,D,451,D,-151,D,01,D,38000,D
20211,04504343,18,0,5,01,D,100,D,1,D,0.0475,D,95,D,1270,D,01,D,8000,D
20211,04505003,51,0,5,01,D,100,D,2,D,0.0475,D,,A,,A,01,D,2551,D
20211,04506173,27,0,1,01,D,100,D,1,D,0.0475,D,226,D,254,D,01,D,19000,D
20211,04506633,19,0,5,01,D,100,D,2,D,0.0475,D,,A,,A,01,D,0,D
20211,04508163,17,0,1,01,D,100,D,1,D,0.0475,D,950,D,-62,D,01,D,80000,D
20211,04509103,25,0,5,01,D,100,D,1,D,0.0475,D,701,D,156,D,01,D,59000,D
20211,04509253,22,0,5,01,D,100,D,1,D,0.0475,D,24,D,926,D,01,D,2000,D
20211,04509453,30,0,5,01,D,100,D,1,D,0.0475,D,297,D,453,D,01,D,25000,D
20211,04510033,62,0,5,01,D,100,D,1,D,0.0475,D,0,D,0,D,01,D,0,D
20211,04510033,63,0,5,01,D,100,D,2,D,0.0475,D,,A,,A,02,D,0,D
20211,04510893,43,0,5,01,D,100,D,2,D,0.0475,D,,A,,A,01,D,0,D
20211,04511173,37,0,5,01,D,100,D,1,D,0.0475,D,178,D,2822,D,01,D,15000,D
20211,04513023,33,0,5,01,D,100,D,2,D,0.0475,D,,A,,A,01,D,20000,D
20211,04513743,18,0,5,01,D,100,D,1,D,0.0475,D,178,D,167,D,01,D,15000,D
20211,04514063,34,0,5,01,D,100,D,1,D,0.0475,D,257,D,1243,D,01,D,21600,D
20211,04544552,26,0,5,01,D,100,D,1,D,0.0475,D,33,D,406,D,01,D,2747,D
20211,04544922,15,0,5,01,D,100,D,1,D,0.0475,D,169,D,281,D,01,D,14200,D
20211,04545182,45,0,5,01,D,100,D,1,D,0.0475,D,760,D,-320,D,01,D,64000,D
20211,04545792,20,0,5,01,D,100,D,2,D,0.0475,D,,A,,A,01,D,168000,D
20211,04546352,22,0,5,01,D,100,D,2,D,0.0475,D,,A,,A,01,D,0,D
20211,04547122,30,0,5,01,D,100,D,1,D,0.0475,D,736,F,-301,F,01,D,62000,F
20211,04547192,21,0,5,01,D,100,D,1,D,0.0475,D,180,D,465,D,01,D,15150,D
20211,04548462,28,0,5,01,D,100,D,2,D,0.0475,D,,A,,A,01,D,54000,D
20211,04549182,15,0,5,01,D,100,D,1,D,0.0475,D,119,D,2881,D,01,D,10000,D
20211,04549742,45,0,5,01,D,100,D,2,D,0.0475,D,,A,,A,01,D,0,D
20211,04551252,25,0,5,01,D,100,D,1,D,0.0475,D,356,D,544,D,01,D,30000,D
20211,04551332,26,0,5,01,D,100,D,1,D,0.0475,D,629,D,871,D,01,D,53000,D
20211,04552422,30,0,5,01,D,100,D,1,D,0.0475,D,93,F,807,F,01,D,7800,F
20211,04552572,54,0,5,01,D,100,D,1,D,0.0475,D,13,D,1077,D,01,D,1086,D
20211,04552932,23,0,1,01,D,100,D,1,D,0.0475,D,214,D,230,D,01,D,18000,D
20211,04553742,19,0,5,01,D,100,D,2,D,0.0475,D,950,F,-62,F,01,D,80000,F
20211,04555392,36,0,5,01,D,100,D,2,D,0.0475,D,,A,,A,01,D,1000,D
20211,04555902,16,0,5,01,D,100,D,1,D,0.0475,D,570,D,2730,D,01,D,48000,D
20211,04555982,15,0,5,01,D,100,D,1,D,0.0475,D,350,F,2650,F,01,D,29508,F
20211,04556692,26,0,5,01,D,100,D,1,D,0.0475,D,190,D,2810,D,01,D,16000,D
20211,04557782,25,0,5,01,D,100,D,1,D,0.0475,D,83,D,352,D,01,D,6997,D
20211,04558582,18,0,5,01,D,100,D,1,D,0.0475,D,653,D,547,D,01,D,55000,D
20211,04559472,23,0,5,01,D,100,D,1,D,0.0475,D,214,D,422,D,01,D,18000,D
20211,04562412,28,0,5,01,D,100,D,2,D,0.0475,D,,A,,A,01,D,0,D
20211,04562822,25,0,5,01,D,100,D,1,D,0.0475,D,566,D,1244,D,01,D,47641,D
20211,04563072,16,0,5,01,D,100,D,1,D,0.0475,D,214,D,386,D,01,D,18000,D
20211,04563312,19,0,5,01,D,100,D,1,D,0.0475,D,190,F,2810,F,01,D,16000,F
20211,04563542,23,0,5,01,D,100,D,1,D,0.0475,D,297,D,903,D,01,D,25000,D
20211,04563732,25,0,5,01,D,100,D,1,D,0.0475,D,75,D,345,D,01,D,6278,D
20211,04563852,20,0,5,01,D,100,D,1,D,0.0475,D,261,D,30592,T,01,D,22000,D
20211,04564022,21,0,5,01,D,100,D,1,D,0.0475,D,1009,D,491,D,01,D,85000,D
20211,04566162,24,0,5,01,D,100,D,1,D,0.0475,D,190,F,1010,F,01,D,16000,F
20211,04566562,38,0,5,01,D,100,D,1,D,0.0475,D,172,D,3061,D,01,D,14477,D
20211,04566822,27,0,5,01,D,100,D,1,D,0.0475,D,618,D,30592,T,01,D,52000,D
20211,04568022,14,0,5,01,D,100,D,1,D,0.0475,D,677,D,-77,D,01,D,57000,D
20211,04571362,39,0,5,01,D,100,D,2,D,0.0475,D,,A,,A,01,D,177000,D
20211,04571692,27,0,1,01,D,100,D,1,D,0.0475,D,7327,D,4913,D,01,D,440586,T
20211,04571762,41,0,5,01,D,100,D,2,D,0.0475,D,,A,,A,01,D,0,D
20211,04572212,33,0,5,01,D,100,D,1,D,0.0475,D,205,F,242,F,01,D,17296,F
20211,04572422,31,0,5,01,D,100,D,1,D,0.0475,D,249,D,1551,D,01,D,21000,D
20211,04574482,43,0,5,01,D,100,D,1,D,0.0475,D,1829,D,3271,D,01,D,154000,D
20211,04574802,58,0,5,02,D,200,D,2,D,0.0475,D,,A,,A,01,D,0,D
20211,04575262,45,0,5,01,D,100,D,1,D,0.0475,D,154,D,30592,T,01,D,13000,D
20211,04575312,25,0,1,01,D,100,D,2,D,0.0475,D,,A,,A,01,D,0,D
20211,04575912,17,0,1,01,D,100,D,1,D,0.0475,D,3598,D,1406,D,01,D,440586,T
20211,04576012,25,0,5,01,D,100,D,2,D,0.0475,D,,A,,A,01,D,0,D
20211,04576222,25,0,1,01,D,100,D,2,D,0.0475,D,,A,,A,01,D,0,D
20211,04576442,27,0,5,01,D,100,D,1,D,0.0475,D,239,D,661,D,01,D,20100,D
20211,04578502,17,0,1,01,D,100,D,1,D,0.0475,D,1033,D,455,D,01,D,87000,D
20211,04578612,42,0,5,02,D,300,D,2,D,0.0475,D,,A,,A,01,D,0,D
20211,04610241,20,0,1,01,D,100,D,2,D,0.0475,D,,A,,A,01,D,34380,D
20211,04612731,15,0,1,01,D,100,D,2,D,0.0475,D,,A,,A,01,D,0,D
20211,04613551,27,0,1,01,D,100,D,2,D,0.0475,D,,A,,A,01,D,0,D
20211,04614543,14,0,1,01,D,100,D,1,D,0.0475,D,1069,D,-169,D,01,D,90000,D
20211,04616281,35,0,1,01,D,100,D,1,D,0.0475,D,390,D,-72,D,01,D,32800,D
20211,04616641,22,0,1,01,D,100,D,2,D,0.0475,D,,A,,A,01,D,32780,D
20211,04618361,11,0,1,01,D,100,D,2,D,0.0475,D,,A,,A,01,D,0,D
20211,04618401,30,0,1,01,D,100,D,1,D,0.0475,D,7,D,1493,D,01,D,590,D
20211,04619091,11,0,1,01,D,100,D,1,D,0.0475,D,95,F,55,F,01,D,8000,F
20211,04619851,24,0,1,01,D,100,D,1,D,0.0475,D,694,F,-226,F,01,D,58425,F
20211,04653581,31,0,1,01,D,100,D,2,D,0.0475,D,,A,,A,01,D,0,D
20211,04653971,16,0,1,01,D,100,D,1,D,0.0475,D,463,D,4937,D,01,D,39000,D
20211,04654313,53,0,1,01,D,100,D,2,D,0.0475,D,,A,,A,01,D,0,D
20211,04654313,54,0,1,02,D,200,D,2,D,0.0475,D,,A,,A,01,D,0,D
20211,04655131,15,0,1,01,D,100,D,1,D,0.0475,D,238,D,4562,D,01,D,20000,D
20211,04657741,21,0,1,01,D,100,D,1,D,0.0475,D,887,D,-197,D,01,D,74700,D
20211,04659001,29,0,1,01,D,100,D,2,D,0.0475,D,,A,,A,01,D,0,D
20211,04662021,19,0,1,01,D,100,D,1,D,0.0475,D,214,D,386,D,01,D,18000,D
20211,04662101,26,0,1,01,D,100,D,2,D,0.0475,D,,A,,A,01,D,0,D
20211,04663371,34,0,1,01,D,100,D,2,D,0.0475,D,,A,,A,01,D,0,D
20211,04679411,38,0,1,01,D,100,D,1,D,0.0475,D,467,D,733,D,01,D,39288,D
20211,04679811,10,0,1,01,D,100,D,1,D,0.0475,D,297,D,498,D,01,D,25000,D
20211,04680421,12,0,1,01,D,100,D,1,D,0.0475,D,1188,D,7812,D,01,D,100000,D
20211,04680671,12,0,1,01,D,300,D,2,D,0.0475,D,,A,,A,01,D,90000,T
20211,04683131,14,0,1,01,D,100,D,1,D,0.0475,D,119,F,181,F,01,D,10000,F
20211,04683481,19,0,1,01,D,100,D,1,D,0.0475,D,95,D,55,D,01,D,8000,D
20211,04683781,25,0,1,01,D,100,D,2,D,0.0475,D,,A,,A,01,D,0,D
20211,04685691,41,0,1,01,D,100,D,1,D,0.0475,D,554,D,1194,D,01,D,46667,D
20211,04685921,18,0,1,01,D,100,D,1,D,0.0475,D,214,F,386,F,01,D,18000,F
20211,04686481,12,0,1,01,D,100,D,2,D,0.0475,D,261,F,669,F,01,D,22000,F
20211,04686731,29,0,1,01,D,100,D,1,D,0.0475,D,7327,F,4913,F,01,D,440586,V
20211,04688111,20,0,1,01,D,100,D,2,D,0.0475,D,,A,,A,01,D,0,D
20211,04688391,15,0,1,01,D,100,D,1,D,0.0475,D,285,D,315,D,01,D,24000,D
20211,04689101,29,0,1,01,D,100,D,1,D,0.0475,D,93,D,807,D,01,D,7800,D
20211,04689261,9,0,1,01,D,100,D,1,D,0.0475,D,148,D,202,D,01,D,12500,D
20211,04689391,18,0,1,01,D,100,D,1,D,0.0475,D,166,D,1352,D,01,D,14000,D
20211,04689891,26,0,1,01,D,100,D,1,D,0.0475,D,808,D,-58,D,01,D,68000,D
20211,04690071,30,0,1,01,D,100,D,1,D,0.0475,D,589,D,836,D,01,D,49641,D
