QYEAR,NEWID,SEQNO,ALCNO,REC_ORIG,VEHICYC,VEHICYC_,VEHDISP,VEHDISP_,VDISPMO,VDISPMO_,SALEX,SALEX_,REIMBURX,REIM_URX,EXREIMBX,EXRE_MBX,LOANSTAT,LOAN_TAT,FINPAYMX,FINP_YMX,VEHICIC,VEHICIC_
20202,04214994,32,0,1,110,D,1,D,01,D,6000,D,,A,,A,2,D,,A,01,D
20202,04215084,34,0,1,100,D,4,D,02,D,,A,2300,D,,A,1,D,2300,D,04,D
20202,04215924,14,0,1,100,D,1,D,01,D,400,D,,A,,A,2,D,,A,02,D
20202,04215964,14,0,1,100,D,2,D,02,D,,A,,A,,A,2,D,,A,01,D
20202,04216174,19,0,1,110,D,6,D,02,D,,A,,A,,A,1,D,,A,02,D
20202,04217264,38,0,1,100,D,3,D,01,D,,A,,A,,A,2,D,,A,01,D
20202,04217264,39,0,1,100,D,3,D,01,D,,A,,A,,A,2,D,,A,02,D
20202,04217314,40,0,2,110,D,3,D,01,D,,A,,A,,A,2,D,,A,02,D
20202,04217414,21,0,1,100,D,6,D,03,D,,A,,A,,A,2,D,,A,04,D
20202,04218634,16,0,1,100,D,3,D,02,D,,A,,A,,A,2,D,,A,04,D
20202,04219224,38,0,1,110,D,2,D,02,D,,A,,A,,A,2,D,,A,01,D
20202,04220844,27,0,1,100,D,4,D,01,D,,A,2200,D,,A,2,D,,A,01,D
20202,04220854,19,0,1,110,D,1,D,02,D,20000,D,,A,,A,2,D,,A,04,D
20202,04221004,28,0,1,110,D,1,D,02,D,2500,D,,A,,A,2,D,,A,02,D
20202,04221684,19,0,1,110,D,3,D,02,D,,A,,A,,A,2,D,,A,03,D
20202,04223204,21,0,1,110,D,1,D,03,D,400,D,,A,,A,2,D,,A,01,D
20202,04223844,30,0,1,100,D,3,D,03,D,,A,,A,,A,2,D,,A,02,D
20202,04224124,16,0,1,110,D,1,D,01,D,200,D,,A,,A,2,D,,A,03,D
20202,04224614,33,0,1,110,D,1,D,03,D,2500,D,,A,,A,2,D,,A,01,D
20202,04226074,17,0,1,110,D,1,D,03,D,1000,D,,A,,A,2,D,,A,03,D
20202,04226804,46,0,1,150,D,1,D,03,D,1500,D,,A,,A,2,D,,A,09,D
20202,04227044,14,0,1,110,D,2,D,04,D,,A,,A,,A,2,D,,A,01,D
20202,04227334,54,0,2,110,D,3,D,02,D,,A,,A,,A,2,D,,A,01,D
20202,04227884,31,0,1,100,D,2,D,04,D,,A,,A,,A,2,D,,A,01,D
20202,04228204,21,0,1,100,D,1,D,03,D,2000,D,,A,,A,2,D,,A,03,D
20202,04228264,44,0,1,110,D,1,D,02,D,11500,D,,A,,A,1,D,5000,D,03,D
20202,04228774,26,0,2,110,D,4,D,02,D,,A,,A,1200,D,1,D,2200,D,02,D
20202,04228834,20,0,1,150,D,1,D,04,D,900,D,,A,,A,2,D,,A,04,D
20202,04230554,39,0,1,200,D,6,D,04,D,,A,,A,,A,2,D,,A,02,D
20202,04230554,40,0,1,200,D,6,D,02,D,,A,,A,,A,2,D,,A,03,D
20202,04230554,41,0,1,200,D,6,D,02,D,,A,,A,,A,2,D,,A,04,D
20202,04230554,42,0,1,200,D,6,D,02,D,,A,,A,,A,2,D,,A,05,D
20202,04230584,30,0,1,100,D,1,D,03,D,1300,D,,A,,A,2,D,,A,01,D
20202,04231164,19,0,1,110,D,1,D,03,D,1700,D,,A,,A,2,D,,A,01,D
20202,04231214,42,0,1,100,D,3,D,02,D,,A,,A,,A,1,D,,A,04,D
20202,04231614,32,0,1,100,D,6,D,03,D,,A,,A,,A,2,D,,A,02,D
20202,04231874,33,0,2,120,D,1,D,02,D,2500,D,,A,,A,2,D,,A,04,D
20202,04232804,34,0,1,110,D,2,D,03,D,,A,,A,,A,2,D,,A,01,D
20202,04233074,15,0,1,100,D,3,D,02,D,,A,,A,,A,2,D,,A,02,D
20202,04233424,25,0,1,100,D,1,D,03,D,700,D,,A,,A,2,D,,A,01,D
20202,04233424,26,0,1,110,D,1,D,03,D,900,D,,A,,A,2,D,,A,02,D
20202,04233424,27,0,2,110,D,3,D,02,D,,A,,A,,A,2,D,,A,03,D
20202,04233874,37,0,1,100,D,1,D,04,D,4500,D,,A,,A,2,D,,A,01,D
20202,04233974,14,0,1,100,D,4,D,02,D,,A,,A,,A,2,D,,A,03,D
20202,04234054,32,0,2,110,D,2,D,02,D,,A,,A,,A,2,D,,A,02,D
20202,04234194,35,0,1,100,D,6,D,04,D,,A,,A,,A,2,D,,A,02,D
20202,04234234,29,0,1,110,D,4,D,02,D,,A,,A,,A,2,D,,A,01,D
20202,04234494,29,0,1,110,D,2,D,04,D,,A,,A,,A,1,D,1300,D,02,D
20202,04235394,54,0,1,110,D,2,D,04,D,,A,,A,,A,2,D,,A,01,D
20202,04235484,15,0,1,100,D,1,D,03,D,5000,D,,A,,A,2,D,,A,02,D
20202,04236064,39,0,1,100,D,6,D,03,D,,A,,A,,A,1,D,,A,02,D
20202,04236724,14,0,2,110,D,4,D,03,D,,A,,A,1200,F,2,D,,A,01,D
20202,04236944,25,0,1,100,D,6,D,05,D,,A,,A,,A,1,D,,A,01,D
20202,04237414,30,0,1,100,D,6,D,04,D,,A,,A,,A,2,D,,A,02,D
20202,04238684,15,0,1,100,D,6,D,03,D,,A,,A,,A,2,D,,A,01,D
20202,04239034,23,0,1,110,D,2,D,03,D,,A,,A,,A,2,D,,A,01,D
20202,04239404,24,0,1,100,D,4,D,04,D,,A,,A,4600,F,2,D,,A,02,D
20202,04239884,13,0,1,110,D,4,D,03,D,,A,,A,,A,2,D,,A,01,D
20202,04240174,22,0,1,110,D,2,D,03,D,,A,,A,,A,1,D,6000,D,01,D
20202,04240174,23,0,1,110,D,2,D,03,D,,A,,A,,A,1,D,3000,D,02,D
20202,04240264,25,0,1,110,D,2,D,04,D,,A,,A,,A,2,D,,A,01,D
20202,04240394,31,0,1,100,D,6,D,03,D,,A,,A,,A,2,D,,A,01,D
20202,04240744,35,0,2,110,D,4,D,03,D,,A,12300,D,,A,2,D,,A,01,D
20202,04241864,32,0,1,100,D,6,D,05,D,,A,,A,,A,,C,,A,03,D
20202,04241864,33,0,1,110,D,6,D,05,D,,A,,A,,A,,C,,A,04,D
20202,04242374,46,0,1,200,D,6,D,03,D,,A,,A,,A,2,D,,A,06,D
20202,04242994,27,0,1,110,D,6,D,03,D,,A,,A,,A,1,D,7000,D,03,D
20202,04244024,24,0,1,110,D,1,D,03,D,1000,D,,A,,A,2,D,,A,01,D
20202,04244164,28,0,1,110,D,4,D,04,D,,A,,A,,A,2,D,,A,02,D
20202,04245144,24,0,1,160,D,4,D,03,D,,A,,A,,A,2,D,,A,04,D
20202,04245534,21,0,1,100,D,1,D,05,D,2000,D,,A,,A,2,D,,A,01,D
20202,04245534,22,0,1,110,D,1,D,03,D,2200,D,,A,,A,2,D,,A,02,D
20202,04245894,27,0,1,100,D,1,D,03,D,14500,D,,A,,A,2,D,,A,01,D
20202,04267833,28,0,1,150,D,1,D,03,D,4000,D,,A,,A,2,D,,A,04,D
20202,04267843,37,0,1,100,D,1,D,01,D,1500,D,,A,,A,2,D,,A,04,D
20202,04268643,13,0,1,110,D,5,D,01,D,,A,,A,,A,2,D,,A,01,D
20202,04269923,27,0,1,100,D,1,D,03,D,800,D,,A,,A,2,D,,A,01,D
20202,04270303,22,0,2,110,D,1,D,01,D,350,F,,A,,A,2,D,,A,01,D
20202,04270323,58,0,1,180,D,1,D,02,D,3800,D,,A,,A,2,D,,A,04,D
20202,04270463,25,0,1,100,D,6,D,01,D,,A,,A,,A,1,D,,A,01,D
20202,04270653,29,0,2,110,D,2,D,01,D,,A,,A,,A,2,D,,A,02,D
20202,04270723,20,0,1,110,D,1,D,02,D,500,D,,A,,A,2,D,,A,03,D
20202,04270853,35,0,1,100,D,1,D,01,D,400,F,,A,,A,2,D,,A,01,D
20202,04271053,18,0,1,110,D,2,D,01,D,,A,,A,,A,2,D,,A,01,D
20202,04271393,20,0,1,110,D,1,D,02,D,13000,D,,A,,A,2,D,,A,02,D
20202,04271663,18,0,1,100,D,1,D,02,D,2200,D,,A,,A,2,D,,A,02,D
20202,04274713,21,0,1,110,D,6,D,01,D,,A,,A,,A,1,D,,A,02,D
20202,04275463,44,0,1,110,D,3,D,03,D,,A,,A,,A,2,D,,A,03,D
20202,04275473,24,0,1,100,D,1,D,01,D,800,D,,A,,A,2,D,,A,01,D
20202,04275833,44,0,1,110,D,2,D,01,D,,A,,A,,A,2,D,,A,02,D
20202,04276753,31,0,1,110,D,2,D,03,D,,A,,A,,A,2,D,,A,02,D
20202,04277333,46,0,1,110,D,2,D,01,D,,A,,A,,A,2,D,,A,06,D
20202,04277503,20,0,1,100,D,3,D,03,D,,A,,A,,A,2,D,,A,01,D
20202,04277843,38,0,1,100,D,6,D,04,D,,A,,A,,A,2,D,,A,01,D
20202,04277903,23,0,1,100,D,1,D,04,D,500,D,,A,,A,2,D,,A,03,D
20202,04278073,26,0,1,110,D,4,D,03,D,,A,,A,,A,2,D,,A,01,D
20202,04278753,19,0,1,110,D,1,D,02,D,11000,D,,A,,A,2,D,,A,01,D
20202,04278933,22,0,1,100,D,4,D,02,D,,A,10000,D,,A,2,D,,A,01,D
20202,04279263,27,0,1,135,D,1,D,03,D,200,D,,A,,A,2,D,,A,03,D
20202,04279663,27,0,1,100,D,3,D,04,D,,A,,A,,A,2,D,,A,04,D
20202,04280223,16,0,1,100,D,1,D,03,D,7000,D,,A,,A,2,D,,A,01,D
20202,04281303,19,0,1,100,D,6,D,02,D,,A,,A,,A,2,D,,A,01,D
20202,04282643,59,0,1,100,D,4,D,02,D,,A,3000,D,,A,2,D,,A,04,D
20202,04282743,20,0,1,110,D,1,D,03,D,500,D,,A,,A,2,D,,A,01,D
20202,04282873,13,0,1,110,D,2,D,02,D,,A,,A,,A,1,D,,A,01,D
20202,04282873,14,0,1,110,D,6,D,02,D,,A,,A,,A,2,D,,A,03,D
20202,04283083,23,0,1,110,D,1,D,02,D,6000,D,,A,,A,2,D,,A,03,D
20202,04283653,17,0,1,100,D,3,D,04,D,,A,,A,,A,2,D,,A,01,D
20202,04283753,32,0,1,100,D,2,D,02,D,,A,,A,,A,2,D,,A,01,D
20202,04283993,29,0,1,110,D,2,D,04,D,,A,,A,,A,2,D,,A,01,D
20202,04284213,20,0,1,100,D,2,D,04,D,,A,,A,,A,1,D,,A,02,D
20202,04284653,32,0,1,110,D,4,D,03,D,,A,12000,D,,A,2,D,,A,01,D
20202,04285053,21,0,1,110,D,1,D,02,D,200,D,,A,,A,2,D,,A,01,D
20202,04286043,31,0,2,200,D,6,D,02,D,,A,,A,,A,2,D,,A,01,D
20202,04286413,29,0,1,100,D,4,D,02,D,,A,,A,4600,D,2,D,,A,01,D
20202,04286623,35,0,1,110,D,1,D,02,D,11500,F,,A,,A,2,D,,A,01,D
20202,04286953,26,0,1,100,D,6,D,04,D,,A,,A,,A,,C,,A,02,D
20202,04287393,27,0,1,100,D,6,D,03,D,,A,,A,,A,2,D,,A,01,D
20202,04287393,28,0,1,100,D,6,D,03,D,,A,,A,,A,2,D,,A,02,D
20202,04287433,31,0,1,100,D,2,D,02,D,,A,,A,,A,2,D,,A,01,D
20202,04287593,34,0,1,110,D,1,D,03,D,4000,D,,A,,A,2,D,,A,04,D
20202,04288063,11,0,1,100,D,4,D,02,D,,A,,A,,A,2,D,,A,01,D
20202,04288283,24,0,1,110,D,2,D,04,D,,A,,A,,A,1,D,,A,01,D
20202,04288583,12,0,1,100,D,1,D,03,D,10900,D,,A,,A,1,D,8500,D,01,D
20202,04288593,17,0,2,110,D,2,D,02,D,,A,,A,,A,1,D,19000,F,01,D
20202,04288703,32,0,1,110,D,3,D,03,D,,A,,A,,A,2,D,,A,02,D
20202,04288993,37,0,2,100,D,4,D,03,D,,A,7000,D,,A,2,D,,A,01,D
20202,04289273,23,0,2,100,D,6,D,03,D,,A,,A,,A,2,D,,A,02,D
20202,04289743,30,0,1,100,D,1,D,04,D,45000,D,,A,,A,2,D,,A,02,D
20202,04290183,37,0,1,110,D,4,D,04,D,,A,,A,,A,2,D,,A,02,D
20202,04291353,16,0,1,100,D,6,D,03,D,,A,,A,,A,2,D,,A,01,D
20202,04291573,17,0,1,110,D,1,D,03,D,80,D,,A,,A,1,D,,A,01,D
20202,04293083,17,0,1,110,D,4,D,05,D,,A,,A,,A,2,D,,A,01,D
20202,04293083,18,0,1,100,D,1,D,04,D,2000,D,,A,,A,2,D,,A,03,D
20202,04294243,24,0,1,100,D,3,D,05,D,,A,,A,,A,2,D,,A,01,D
20202,04294363,16,0,1,100,D,1,D,03,D,650,D,,A,,A,2,D,,A,02,D
20202,04295933,24,0,1,110,D,2,D,05,D,,A,,A,,A,1,D,,A,01,D
20202,04295933,25,0,1,100,D,1,D,05,D,6200,D,,A,,A,2,D,,A,04,D
20202,04296483,26,0,1,110,D,1,D,05,D,900,D,,A,,A,2,D,,A,01,D
20202,04296483,27,0,1,110,D,1,D,05,D,300,D,,A,,A,2,D,,A,02,D
20202,04296483,28,0,1,100,D,6,D,05,D,,A,,A,,A,2,D,,A,03,D
20202,04296483,29,0,1,150,D,1,D,05,D,2300,D,,A,,A,2,D,,A,04,D
20202,04296503,51,0,1,110,D,2,D,04,D,,A,,A,,A,2,D,,A,02,D
20202,04296823,21,0,1,100,D,2,D,05,D,,A,,A,,A,2,D,,A,01,D
20202,04297503,24,0,1,110,D,1,D,05,D,2500,D,,A,,A,2,D,,A,02,D
20202,04297833,43,0,1,135,D,1,D,05,D,1200,D,,A,,A,2,D,,A,02,D
20202,04298163,10,0,1,110,D,3,D,05,D,,A,,A,,A,2,D,,A,01,D
20202,04299233,28,0,1,110,D,2,D,05,D,,A,,A,,A,2,D,,A,01,D
20202,04310762,25,0,1,100,D,3,D,02,D,,A,,A,,A,2,D,,A,03,D
20202,04311062,37,0,1,100,D,4,D,01,D,,A,4900,D,,A,2,D,,A,03,D
20202,04312262,37,0,1,100,D,1,D,02,D,35000,D,,A,,A,2,D,,A,06,D
20202,04312312,35,0,1,110,D,2,D,03,D,,A,,A,,A,1,D,,A,01,D
20202,04313202,47,0,1,100,D,3,D,01,D,,A,,A,,A,2,D,,A,05,D
20202,04313942,39,0,1,110,D,1,D,01,D,7500,D,,A,,A,1,D,6900,D,08,D
20202,04314002,62,0,1,110,D,6,D,01,D,,A,,A,,A,2,D,,A,02,D
20202,04314622,66,0,1,100,D,4,D,01,D,,A,4000,D,,A,2,D,,A,06,D
20202,04314652,29,0,1,100,D,3,D,03,D,,A,,A,,A,2,D,,A,01,D
20202,04315142,12,0,1,110,D,3,D,02,D,,A,,A,,A,2,D,,A,01,D
20202,04315502,30,0,1,110,D,6,D,01,D,,A,,A,,A,2,D,,A,03,D
20202,04315612,31,0,1,100,D,3,D,01,D,,A,,A,,A,2,D,,A,03,D
20202,04315612,32,0,1,100,D,3,D,01,D,,A,,A,,A,2,D,,A,04,D
20202,04315692,22,0,1,150,D,5,D,01,D,,A,,A,,A,2,D,,A,03,D
20202,04316792,11,0,1,100,D,3,D,02,D,,A,,A,,A,2,D,,A,01,D
20202,04316982,21,0,1,200,D,6,D,03,D,,A,,A,,A,2,D,,A,03,D
20202,04317192,19,0,1,100,D,3,D,02,D,,A,,A,,A,2,D,,A,01,D
20202,04317402,17,0,1,100,D,4,D,03,D,,A,,A,,A,2,D,,A,03,D
20202,04317612,25,0,1,100,D,6,D,01,D,,A,,A,,A,2,D,,A,01,D
20202,04317612,26,0,1,100,D,2,D,01,D,,A,,A,,A,2,D,,A,02,D
20202,04317683,42,0,1,200,D,6,D,01,D,,A,,A,,A,2,D,,A,03,D
20202,04318102,37,0,1,100,D,1,D,01,D,800,D,,A,,A,2,D,,A,04,D
20202,04318212,28,0,1,100,D,1,D,03,D,1300,D,,A,,A,2,D,,A,01,D
20202,04319752,18,0,1,100,D,6,D,02,D,,A,,A,,A,,C,,A,01,D
20202,04320452,23,0,1,110,D,6,D,01,D,,A,,A,,A,2,D,,A,02,D
20202,04320782,29,0,1,160,D,1,D,04,D,350,D,,A,,A,2,D,,A,03,D
20202,04321422,24,0,1,100,D,3,D,02,D,,A,,A,,A,2,D,,A,02,D
20202,04321972,51,0,1,100,D,1,D,04,D,1200,D,,A,,A,2,D,,A,02,D
20202,04323932,25,0,1,110,D,1,D,02,D,350,D,,A,,A,2,D,,A,01,D
20202,04323932,26,0,1,110,D,6,D,03,D,,A,,A,,A,2,D,,A,03,D
20202,04323942,26,0,1,150,D,4,D,02,D,,A,,A,,A,2,D,,A,02,D
20202,04324562,52,0,1,100,D,1,D,03,D,600,D,,A,,A,2,D,,A,07,D
20202,04325552,17,0,1,110,D,4,D,03,D,,A,4500,D,,A,1,D,,A,01,D
20202,04326742,13,0,1,110,D,4,D,02,D,,A,1000,D,,A,2,D,,A,01,D
20202,04327342,24,0,1,110,D,1,D,03,D,1000,F,,A,,A,1,D,1000,D,01,D
20202,04328132,26,0,1,100,D,2,D,03,D,,A,,A,,A,2,D,,A,01,D
20202,04328202,21,0,1,110,D,1,D,03,D,1800,D,,A,,A,2,D,,A,01,D
20202,04328522,28,0,1,100,D,1,D,03,D,2000,D,,A,,A,2,D,,A,03,D
20202,04328642,33,0,1,100,D,3,D,04,D,,A,,A,,A,2,D,,A,02,D
20202,04328922,22,0,1,110,D,2,D,02,D,,A,,A,,A,2,D,,A,01,D
20202,04328932,9,0,1,100,D,3,D,02,D,,A,,A,,A,2,D,,A,01,D
20202,04329182,24,0,1,110,D,2,D,04,D,,A,,A,,A,2,D,,A,01,D
20202,04329962,56,0,1,110,D,2,D,04,D,,A,,A,,A,2,D,,A,02,D
20202,04330533,9,0,1,100,D,6,D,04,D,,A,,A,,A,2,D,,A,01,D
20202,04343462,29,0,1,110,D,6,D,04,D,,A,,A,,A,2,D,,A,01,D
20202,04344442,14,0,1,100,D,2,D,04,D,,A,,A,,A,1,D,,A,01,D
20202,04344542,23,0,1,180,D,1,D,03,D,2600,D,,A,,A,2,D,,A,03,D
20202,04346012,18,0,1,100,D,2,D,05,D,,A,,A,,A,1,D,,A,01,D
20202,04346282,19,0,1,200,D,6,D,03,D,,A,,A,,A,2,D,,A,03,D
20202,04346794,23,0,1,100,D,6,D,04,D,,A,,A,,A,2,D,,A,02,D
20202,04346802,38,0,1,110,D,2,D,05,D,,A,,A,,A,1,D,19000,D,02,D
20202,04348552,25,0,1,100,D,6,D,03,D,,A,,A,,A,2,D,,A,03,D
20202,04349282,46,0,1,110,D,3,D,03,D,,A,,A,,A,2,D,,A,01,D
20202,04349282,47,0,1,110,D,6,D,03,D,,A,,A,,A,2,D,,A,03,D
20202,04349752,17,0,1,100,D,6,D,05,D,,A,,A,,A,2,D,,A,02,D
20202,04351252,32,0,1,110,D,2,D,03,D,,A,,A,,A,2,D,,A,01,D
20202,04351692,34,0,1,100,D,3,D,05,D,,A,,A,,A,2,D,,A,01,D
20202,04378171,28,0,1,100,D,1,D,01,D,1200,D,,A,,A,2,D,,A,03,D
20202,04378762,59,0,1,100,D,1,D,03,D,1000,D,,A,,A,2,D,,A,02,D
20202,04379691,20,0,1,110,D,1,D,01,D,1500,D,,A,,A,2,D,,A,05,D
20202,04384191,4,0,1,100,D,2,D,03,D,,A,,A,,A,2,D,,A,01,D
20202,04385131,29,0,1,110,D,1,D,02,D,1500,F,,A,,A,2,D,,A,07,D
20202,04387014,20,0,1,100,D,2,D,02,D,,A,,A,,A,2,D,,A,01,D
20202,04387051,31,0,1,100,D,1,D,01,D,2500,D,,A,,A,2,D,,A,05,D
20202,04388461,42,0,1,110,D,1,D,02,D,33000,D,,A,,A,1,D,21000,D,03,D
20202,04391481,21,0,1,100,D,4,D,01,D,,A,,A,,A,2,D,,A,03,D
20202,04392971,30,0,1,100,D,3,D,03,D,,A,,A,,A,2,D,,A,04,D
20202,04396291,8,0,1,100,D,6,D,04,D,,A,,A,,A,2,D,,A,01,D
20202,04401611,18,0,1,110,D,4,D,03,D,,A,12300,F,,A,2,D,,A,04,D
20202,04402091,32,0,1,135,D,1,D,03,D,1400,D,,A,,A,2,D,,A,03,D
20202,04411351,16,0,1,150,D,1,D,05,D,1200,D,,A,,A,2,D,,A,04,D
20202,04416801,14,0,1,100,D,1,D,03,D,275,D,,A,,A,2,D,,A,03,D
20203,04267764,18,0,1,100,D,1,D,06,D,600,D,,A,,A,2,D,,A,01,D
20203,04267794,32,0,2,110,D,1,D,04,D,500,D,,A,,A,2,D,,A,02,D
20203,04268174,17,0,1,100,D,1,D,04,D,700,D,,A,,A,1,D,2000,D,02,D
20203,04268404,35,0,1,110,D,2,D,06,D,,A,,A,,A,2,D,,A,02,D
20203,04268694,17,0,1,110,D,3,D,04,D,,A,,A,,A,2,D,,A,01,D
20203,04268964,40,0,1,200,D,1,D,05,D,500,D,,A,,A,2,D,,A,05,D
20203,04269104,26,0,1,100,D,4,D,05,D,,A,,A,,A,2,D,,A,01,D
20203,04269204,15,0,2,100,D,2,D,04,D,,A,,A,,A,2,D,,A,01,D
20203,04269384,19,0,1,100,D,1,D,05,D,2500,D,,A,,A,2,D,,A,01,D
20203,04269384,20,0,1,110,D,1,D,05,D,1600,D,,A,,A,2,D,,A,02,D
20203,04270244,37,0,1,100,D,2,D,04,D,,A,,A,,A,,C,,A,01,D
20203,04270334,30,0,1,110,D,2,D,06,D,,A,,A,,A,1,D,,A,01,D
20203,04270354,23,0,1,100,D,2,D,06,D,,A,,A,,A,1,D,5770,D,01,D
20203,04270394,28,0,1,110,D,1,D,06,D,15000,D,,A,,A,2,D,,A,04,D
20203,04270654,33,0,1,160,D,1,D,04,D,2800,D,,A,,A,2,D,,A,04,D
20203,04271064,31,0,1,100,D,3,D,06,D,,A,,A,,A,2,D,,A,02,D
20203,04271434,23,0,1,100,D,1,D,05,D,450,F,,A,,A,2,D,,A,02,D
20203,04271624,24,0,1,110,D,2,D,06,D,,A,,A,,A,2,D,,A,01,D
20203,04271664,38,0,2,110,D,1,D,04,D,400,D,,A,,A,2,D,,A,01,D
20203,04271804,67,0,1,110,D,1,D,06,D,1000,D,,A,,A,2,D,,A,03,D
20203,04272094,47,0,1,160,D,1,D,05,D,6100,T,,A,,A,2,D,,A,03,D
20203,04272324,24,0,1,110,D,3,D,06,D,,A,,A,,A,2,D,,A,02,D
20203,04272564,22,0,1,100,D,3,D,06,D,,A,,A,,A,2,D,,A,01,D
20203,04273104,21,0,1,100,D,2,D,05,D,,A,,A,,A,2,D,,A,03,D
20203,04273244,46,0,1,100,D,1,D,05,D,14500,F,,A,,A,1,D,14500,F,03,D
20203,04274424,20,0,1,200,D,3,D,06,D,,A,,A,,A,2,D,,A,02,D
20203,04274894,31,0,1,100,D,1,D,04,D,2200,D,,A,,A,2,D,,A,05,D
20203,04275214,22,0,1,110,D,4,D,06,D,,A,,A,,A,2,D,,A,01,D
20203,04275474,33,0,1,100,D,1,D,06,D,3000,D,,A,,A,2,D,,A,05,D
20203,04277764,25,0,1,110,D,2,D,07,D,,A,,A,,A,1,D,,A,01,D
20203,04278064,39,0,2,100,D,2,D,05,D,,A,,A,,A,2,D,,A,01,D
20203,04278154,31,0,1,110,D,1,D,06,D,2000,D,,A,,A,2,D,,A,01,D
20203,04278594,22,0,1,100,D,1,D,07,D,700,F,,A,,A,2,D,,A,03,D
20203,04280434,39,0,1,110,D,1,D,07,D,1000,D,,A,,A,2,D,,A,01,D
20203,04280804,25,0,1,100,D,2,D,07,D,,A,,A,,A,1,D,,A,01,D
20203,04280804,26,0,1,110,D,2,D,06,D,,A,,A,,A,2,D,,A,02,D
20203,04281184,32,0,2,110,D,1,D,05,D,1000,D,,A,,A,2,D,,A,02,D
20203,04281504,38,0,2,100,D,2,D,05,D,,A,,A,,A,2,D,,A,01,D
20203,04281914,20,0,1,110,D,4,D,06,D,,A,,A,,A,2,D,,A,01,D
20203,04282334,9,0,1,110,D,3,D,06,D,,A,,A,,A,2,D,,A,01,D
20203,04282334,10,0,1,110,D,4,D,07,D,,A,,A,2750,F,2,D,,A,02,D
20203,04282524,24,0,1,100,D,4,D,07,D,,A,,A,,A,2,D,,A,01,D
20203,04284054,35,0,1,100,D,1,D,07,D,7000,D,,A,,A,2,D,,A,03,D
20203,04284654,40,0,1,100,D,3,D,05,D,,A,,A,,A,2,D,,A,02,D
20203,04285804,16,0,1,110,D,4,D,07,D,,A,300,D,,A,2,D,,A,01,D
20203,04286394,34,0,1,110,D,3,D,07,D,,A,,A,,A,2,D,,A,03,D
20203,04286594,26,0,1,150,D,1,D,06,D,3000,D,,A,,A,2,D,,A,03,D
20203,04286974,13,0,1,100,D,4,D,06,D,,A,,A,,A,2,D,,A,02,D
20203,04287594,36,0,1,110,D,3,D,07,D,,A,,A,,A,2,D,,A,05,D
20203,04288634,20,0,1,100,D,4,D,05,D,,A,7300,D,,A,2,D,,A,01,D
20203,04288734,22,0,1,110,D,1,D,07,D,7000,D,,A,,A,2,D,,A,01,D
20203,04288874,18,0,1,100,D,2,D,07,D,,A,,A,,A,2,D,,A,01,D
20203,04289164,31,0,1,110,D,1,D,07,D,13000,D,,A,,A,2,D,,A,02,D
20203,04289744,31,0,1,100,D,1,D,08,D,19000,D,,A,,A,2,D,,A,01,D
20203,04289744,32,0,1,180,D,4,D,07,D,,A,5300,D,,A,2,D,,A,06,D
20203,04290534,47,0,1,110,D,1,D,08,D,2500,D,,A,,A,2,D,,A,03,D
20203,04290624,48,0,1,100,D,2,D,08,D,,A,,A,,A,2,D,,A,02,D
20203,04291344,19,0,1,100,D,1,D,08,D,4000,F,,A,,A,2,D,,A,02,D
20203,04291354,15,0,1,100,D,6,D,06,D,,A,,A,,A,2,D,,A,02,D
20203,04291484,33,0,1,150,D,1,D,06,D,1000,D,,A,,A,2,D,,A,04,D
20203,04291744,33,0,1,110,D,2,D,06,D,,A,,A,,A,2,D,,A,01,D
20203,04291744,34,0,1,110,D,1,D,07,D,1500,D,,A,,A,2,D,,A,02,D
20203,04293014,46,0,1,110,D,1,D,07,D,16500,D,,A,,A,2,D,,A,03,D
20203,04293114,104,0,1,110,D,3,D,08,D,,A,,A,,A,2,D,,A,04,D
20203,04293624,17,0,1,100,D,1,D,08,D,3000,D,,A,,A,2,D,,A,03,D
20203,04293684,9,0,1,100,D,1,D,08,D,250,D,,A,,A,2,D,,A,01,D
20203,04293744,7,0,1,100,D,3,D,06,D,,A,,A,,A,2,D,,A,01,D
20203,04294124,20,0,1,110,D,2,D,08,D,,A,,A,,A,2,D,,A,01,D
20203,04294884,39,0,1,110,D,,C,07,D,,A,,A,,A,2,D,,A,02,D
20203,04295644,36,0,1,100,D,1,D,07,D,5200,D,,A,,A,2,D,,A,01,D
20203,04295664,30,0,1,110,D,1,D,07,D,5500,D,,A,,A,1,D,4200,D,02,D
20203,04295704,17,0,1,100,D,2,D,08,D,,A,,A,,A,2,D,,A,01,D
20203,04295764,29,0,1,100,D,1,D,08,D,400,D,,A,,A,2,D,,A,01,D
20203,04295974,34,0,1,110,D,4,D,06,D,,A,,A,,A,1,D,547,D,01,D
20203,04295984,33,0,1,100,D,2,D,07,D,,A,,A,,A,1,D,,A,02,D
20203,04296214,21,0,1,100,D,1,D,06,D,4000,D,,A,,A,2,D,,A,01,D
20203,04296534,33,0,1,110,D,3,D,06,D,,A,,A,,A,2,D,,A,01,D
20203,04297194,21,0,1,110,D,6,D,07,D,,A,,A,,A,2,D,,A,01,D
20203,04297524,27,0,1,170,D,4,D,08,D,,A,,A,1000,D,2,D,,A,03,D
20203,04297684,24,0,1,100,D,2,D,08,D,,A,,A,,A,2,D,,A,01,D
20203,04298204,29,0,2,100,D,3,D,06,D,,A,,A,,A,2,D,,A,01,D
20203,04298724,18,0,2,100,D,4,D,06,D,,A,,A,,A,2,D,,A,02,D
20203,04299234,37,0,1,100,D,1,D,06,D,1000,D,,A,,A,2,D,,A,03,D
20203,04310593,20,0,1,100,D,2,D,05,D,,A,,A,,A,2,D,,A,01,D
20203,04310833,15,0,1,110,D,6,D,06,D,,A,,A,,A,2,D,,A,01,D
20203,04311203,32,0,1,100,D,2,D,05,D,,A,,A,,A,2,D,,A,02,D
20203,04311323,6,0,1,110,D,3,D,04,D,,A,,A,,A,2,D,,A,01,D
20203,04311693,12,0,1,110,D,1,D,05,D,1500,D,,A,,A,2,D,,A,01,D
20203,04312283,22,0,1,110,D,2,D,05,D,,A,,A,,A,1,D,374,D,01,D
20203,04313063,23,0,1,110,D,2,D,04,D,,A,,A,,A,1,D,,A,01,D
20203,04313863,41,0,1,110,D,1,D,06,D,400,D,,A,,A,2,D,,A,01,D
20203,04314183,25,0,1,100,D,2,D,06,D,,A,,A,,A,1,D,15000,D,01,D
20203,04314433,53,0,1,100,D,2,D,06,D,,A,,A,,A,2,D,,A,01,D
20203,04314793,10,0,1,110,D,4,D,05,D,,A,1800,D,,A,2,D,,A,01,D
20203,04315204,16,0,1,110,D,4,D,05,D,,A,,A,,A,1,D,200,D,01,D
20203,04315553,25,0,1,110,D,1,D,06,D,1800,D,,A,,A,2,D,,A,02,D
20203,04316793,8,0,1,100,D,3,D,04,D,,A,,A,,A,2,D,,A,01,D
20203,04318383,24,0,1,100,D,1,D,06,D,500,D,,A,,A,2,D,,A,03,D
20203,04318383,25,0,1,100,D,1,D,06,D,200,D,,A,,A,2,D,,A,04,D
20203,04318833,31,0,2,100,D,6,D,04,D,,A,,A,,A,2,D,,A,03,D
20203,04319443,9,0,1,110,D,1,D,06,D,140,D,,A,,A,2,D,,A,01,D
20203,04321973,45,0,1,100,D,6,D,07,D,,A,,A,,A,2,D,,A,03,D
20203,04321973,46,0,1,110,D,6,D,07,D,,A,,A,,A,2,D,,A,04,D
20203,04322163,26,0,1,110,D,2,D,05,D,,A,,A,,A,2,D,,A,01,D
20203,04322263,22,0,1,100,D,1,D,05,D,2000,D,,A,,A,2,D,,A,03,D
20203,04323103,22,0,1,110,D,2,D,07,D,,A,,A,,A,2,D,,A,02,D
20203,04323933,25,0,1,110,D,1,D,07,D,500,D,,A,,A,2,D,,A,04,D
20203,04324563,51,0,1,100,D,1,D,07,D,400,D,,A,,A,2,D,,A,08,D
20203,04324903,31,0,1,110,D,1,D,07,D,2000,D,,A,,A,2,D,,A,02,D
20203,04325103,24,0,1,100,D,1,D,07,D,2000,D,,A,,A,2,D,,A,01,D
20203,04325233,25,0,1,110,D,1,D,05,D,1000,F,,A,,A,,C,,A,01,D
20203,04325233,26,0,1,100,D,,C,05,D,,A,,A,,A,,C,,A,02,D
20203,04325303,36,0,1,110,D,1,D,05,D,450,D,,A,,A,2,D,,A,04,D
20203,04326214,25,0,1,110,D,6,D,07,D,,A,,A,,A,,C,,A,01,D
20203,04326214,26,0,1,110,D,6,D,05,D,,A,,A,,A,,C,,A,02,D
20203,04326214,27,0,1,100,D,6,D,06,D,,A,,A,,A,,C,,A,04,D
20203,04327143,20,0,1,110,D,1,D,07,D,5499,D,,A,,A,2,D,,A,02,D
20203,04327183,29,0,1,110,D,1,D,05,D,35000,D,,A,,A,2,D,,A,01,D
20203,04327613,57,0,1,110,D,6,D,05,D,,A,,A,,A,2,D,,A,03,D
20203,04327863,38,0,1,110,D,2,D,05,D,,A,,A,,A,2,D,,A,01,D
20203,04328303,39,0,1,100,D,1,D,07,D,5500,D,,A,,A,2,D,,A,01,D
20203,04328383,31,0,1,100,D,1,D,06,D,5000,D,,A,,A,2,D,,A,03,D
20203,04328443,20,0,1,100,D,2,D,07,D,,A,,A,,A,2,D,,A,01,D
20203,04328793,25,0,1,200,D,6,D,05,D,,A,,A,,A,2,D,,A,02,D
20203,04329063,41,0,1,100,D,3,D,06,D,,A,,A,,A,2,D,,A,01,D
20203,04329063,42,0,1,120,D,6,D,06,D,,A,,A,,A,2,D,,A,05,D
20203,04329063,43,0,1,150,D,3,D,07,D,,A,,A,,A,2,D,,A,06,D
20203,04329633,12,0,1,110,D,1,D,05,D,2900,D,,A,,A,2,D,,A,01,D
20203,04330083,33,0,1,110,D,1,D,05,D,35000,F,,A,,A,2,D,,A,02,D
20203,04330403,34,0,1,110,D,2,D,07,D,,A,,A,,A,1,D,2800,D,02,D
20203,04330823,11,0,1,100,D,6,D,06,D,,A,,A,,A,2,D,,A,02,D
20203,04330823,12,0,1,100,D,6,D,05,D,,A,,A,,A,2,D,,A,03,D
20203,04330903,32,0,1,100,D,4,D,06,D,,A,150,D,,A,2,D,,A,02,D
20203,04331133,27,0,1,110,D,6,D,06,D,,A,,A,,A,2,D,,A,02,D
20203,04331313,22,0,1,110,D,6,D,07,D,,A,,A,,A,1,D,,A,01,D
20203,04341483,35,0,1,110,D,2,D,07,D,,A,,A,,A,2,D,,A,02,D
20203,04342373,28,0,1,100,D,3,D,08,D,,A,,A,,A,2,D,,A,03,D
20203,04343463,36,0,1,100,D,3,D,08,D,,A,,A,,A,2,D,,A,04,D
20203,04343833,22,0,1,110,D,2,D,08,D,,A,,A,,A,2,D,,A,02,D
20203,04344223,19,0,1,110,D,6,D,07,D,,A,,A,,A,2,D,,A,01,D
20203,04344494,34,0,1,100,D,1,D,07,D,2100,D,,A,,A,2,D,,A,02,D
20203,04344793,14,0,1,100,D,2,D,07,D,,A,,A,,A,2,D,,A,01,D
20203,04344913,16,0,1,110,D,1,D,07,D,3500,D,,A,,A,2,D,,A,02,D
20203,04344933,41,0,1,100,D,6,D,07,D,,A,,A,,A,2,D,,A,04,D
20203,04344963,38,0,2,110,D,2,D,06,D,,A,,A,,A,2,D,,A,01,D
20203,04345173,19,0,1,100,D,1,D,07,D,5000,D,,A,,A,2,D,,A,02,D
20203,04345753,41,0,1,100,D,2,D,06,D,,A,,A,,A,2,D,,A,03,D
20203,04346073,27,0,1,100,D,1,D,06,D,2500,D,,A,,A,2,D,,A,02,D
20203,04346363,29,0,1,100,D,2,D,08,D,,A,,A,,A,2,D,,A,03,D
20203,04346613,30,0,1,100,D,2,D,07,D,,A,,A,,A,2,D,,A,02,D
20203,04346693,34,0,1,100,D,4,D,08,D,,A,10000,D,,A,2,D,,A,02,D
20203,04347323,49,0,1,160,D,1,D,08,D,1150,D,,A,,A,2,D,,A,05,D
20203,04347353,32,0,1,100,D,1,D,08,D,450,D,,A,,A,2,D,,A,05,D
20203,04347763,34,0,1,100,D,6,D,07,D,,A,,A,,A,2,D,,A,03,D
20203,04350343,22,0,1,100,D,2,D,07,D,,A,,A,,A,1,D,,A,01,D
20203,04350343,23,0,1,100,D,2,D,07,D,,A,,A,,A,1,D,,A,03,D
20203,04350503,25,0,1,100,D,2,D,08,D,,A,,A,,A,2,D,,A,01,D
20203,04350763,35,0,2,100,D,1,D,06,D,8500,D,,A,,A,2,D,,A,03,D
20203,04351873,44,0,1,100,D,2,D,08,D,,A,,A,,A,1,D,,A,03,D
20203,04378172,34,0,1,100,D,1,D,04,D,1200,D,,A,,A,2,D,,A,03,D
20203,04378362,14,0,1,100,D,3,D,06,D,,A,,A,,A,2,D,,A,01,D
20203,04379362,38,0,1,200,D,1,D,05,D,15000,D,,A,,A,2,D,,A,08,D
20203,04379372,52,0,1,110,D,2,D,06,D,,A,,A,,A,2,D,,A,02,D
20203,04379692,27,0,1,110,D,1,D,04,D,10000,F,,A,,A,2,D,,A,05,D
20203,04380362,31,0,1,100,D,1,D,06,D,200,D,,A,,A,2,D,,A,01,D
20203,04380402,33,0,1,100,D,1,D,06,D,9000,D,,A,,A,2,D,,A,03,D
20203,04380414,39,0,1,150,D,1,D,04,D,1750,D,,A,,A,2,D,,A,02,D
20203,04380414,40,0,1,100,D,4,D,06,D,,A,6400,D,,A,2,D,,A,03,D
20203,04381422,24,0,1,110,D,3,D,05,D,,A,,A,,A,2,D,,A,02,D
20203,04381552,34,0,1,100,D,2,D,06,D,,A,,A,,A,2,D,,A,01,D
20203,04382622,18,0,1,100,D,4,D,05,D,,A,,A,,A,2,D,,A,01,D
20203,04382652,27,0,1,100,D,2,D,05,D,,A,,A,,A,2,D,,A,02,D
20203,04382722,42,0,1,100,D,1,D,06,D,900,D,,A,,A,2,D,,A,03,D
20203,04384592,28,0,1,100,D,3,D,06,D,,A,,A,,A,2,D,,A,01,D
20203,04384802,11,0,1,110,D,3,D,04,D,,A,,A,,A,2,D,,A,01,D
20203,04385132,47,0,1,110,D,1,D,05,D,450,F,,A,,A,2,D,,A,07,D
20203,04386812,32,0,1,100,D,2,D,05,D,,A,,A,,A,2,D,,A,02,D
20203,04386912,19,0,1,150,D,1,D,06,D,2300,D,,A,,A,2,D,,A,02,D
20203,04387022,19,0,1,100,D,1,D,06,D,2500,D,,A,,A,2,D,,A,05,D
20203,04387052,35,0,1,110,D,1,D,06,D,1900,D,,A,,A,2,D,,A,02,D
20203,04387052,36,0,1,110,D,1,D,06,D,1900,D,,A,,A,2,D,,A,04,D
20203,04387052,37,0,1,100,D,1,D,05,D,2700,D,,A,,A,2,D,,A,05,D
20203,04387412,19,0,1,110,D,1,D,06,D,800,D,,A,,A,2,D,,A,03,D
20203,04388872,34,0,1,110,D,3,D,06,D,,A,,A,,A,2,D,,A,02,D
20203,04389524,20,0,1,110,D,2,D,04,D,,A,,A,,A,1,D,,A,02,D
20203,04390712,30,0,1,110,D,1,D,04,D,10000,D,,A,,A,2,D,,A,03,D
20203,04391482,19,0,1,100,D,4,D,06,D,,A,,A,,A,2,D,,A,03,D
20203,04392094,36,0,1,110,D,2,D,07,D,,A,,A,,A,2,D,,A,01,D
20203,04392662,18,0,1,110,D,2,D,05,D,,A,,A,,A,2,D,,A,01,D
20203,04393032,46,0,1,100,D,1,D,06,D,14500,D,,A,,A,1,D,14500,D,03,D
20203,04393032,47,0,1,100,D,4,D,06,D,,A,3000,D,,A,1,D,1000,D,04,D
20203,04393302,11,0,1,110,D,1,D,06,D,1600,F,,A,,A,2,D,,A,01,D
20203,04394202,35,0,1,110,D,1,D,06,D,15120,D,,A,,A,1,D,15120,D,02,D
20203,04394542,31,0,1,100,D,2,D,07,D,,A,,A,,A,2,D,,A,01,D
20203,04395222,46,0,1,110,D,2,D,06,D,,A,,A,,A,2,D,,A,01,D
20203,04395852,31,0,1,110,D,1,D,07,D,1000,D,,A,,A,2,D,,A,01,D
20203,04397452,18,0,1,110,D,1,D,06,D,635,D,,A,,A,2,D,,A,01,D
20203,04397892,59,0,1,110,D,1,D,06,D,200,D,,A,,A,2,D,,A,03,D
20203,04397962,14,0,1,100,D,6,D,07,D,,A,,A,,A,2,D,,A,01,D
20203,04398442,11,0,1,100,D,3,D,07,D,,A,,A,,A,2,D,,A,01,D
20203,04399042,21,0,1,110,D,2,D,07,D,,A,,A,,A,2,D,,A,02,D
20203,04399212,41,0,1,110,D,2,D,06,D,,A,,A,,A,1,D,,A,01,D
20203,04399793,40,0,1,110,D,2,D,06,D,,A,,A,,A,2,D,,A,01,D
20203,04400672,32,0,1,100,D,1,D,07,D,5500,D,,A,,A,2,D,,A,01,D
20203,04401132,9,0,1,100,D,,C,06,D,,A,,A,,A,2,D,,A,01,D
20203,04402092,27,0,1,135,D,1,D,06,D,1400,D,,A,,A,2,D,,A,03,D
20203,04403452,15,0,1,110,D,6,D,05,D,,A,,A,,A,,C,,A,01,D
20203,04403452,16,0,1,100,D,6,D,06,D,,A,,A,,A,,C,,A,02,D
20203,04403702,16,0,1,110,D,4,D,07,D,,A,,A,13200,F,2,D,,A,01,D
20203,04405582,39,0,1,100,D,6,D,07,D,,A,,A,,A,,C,,A,01,D
20203,04405992,12,0,1,110,D,2,D,07,D,,A,,A,,A,2,D,,A,01,D
20203,04406803,42,0,1,100,D,2,D,07,D,,A,,A,,A,2,D,,A,03,D
20203,04407262,70,0,1,100,D,1,D,07,D,200,D,,A,,A,2,D,,A,01,D
20203,04407262,71,0,1,100,D,1,D,08,D,700,D,,A,,A,2,D,,A,03,D
20203,04407522,28,0,1,100,D,1,D,07,D,2000,D,,A,,A,2,D,,A,02,D
20203,04407982,7,0,1,100,D,6,D,08,D,,A,,A,,A,2,D,,A,01,D
20203,04408372,68,0,1,200,D,3,D,06,D,,A,,A,,A,2,D,,A,04,D
20203,04408372,69,0,1,100,D,1,D,06,D,3700,D,,A,,A,2,D,,A,05,D
20203,04408742,24,0,1,110,D,6,D,08,D,,A,,A,,A,2,D,,A,04,D
20203,04409972,29,0,1,150,D,1,D,08,D,1100,D,,A,,A,2,D,,A,03,D
20203,04409972,30,0,1,150,D,1,D,08,D,2800,D,,A,,A,2,D,,A,04,D
20203,04410312,17,0,1,100,D,6,D,08,D,,A,,A,,A,2,D,,A,01,D
20203,04410942,58,0,1,110,D,2,D,08,D,,A,,A,,A,2,D,,A,03,D
20203,04410942,59,0,1,160,D,1,D,07,D,6100,T,,A,,A,2,D,,A,06,D
20203,04411112,18,0,1,110,D,1,D,08,D,1900,F,,A,,A,2,D,,A,01,D
20203,04411112,19,0,1,110,D,1,D,08,D,140,F,,A,,A,2,D,,A,02,D
20203,04412262,26,0,1,100,D,1,D,08,D,2500,D,,A,,A,2,D,,A,02,D
20203,04412272,31,0,1,160,D,1,D,08,D,2000,D,,A,,A,2,D,,A,11,D
20203,04414482,27,0,1,100,D,2,D,08,D,,A,,A,,A,2,D,,A,02,D
20203,04414682,30,0,1,100,D,1,D,06,D,2750,D,,A,,A,2,D,,A,02,D
20203,04415172,22,0,1,110,D,2,D,07,D,,A,,A,,A,2,D,,A,01,D
20203,04415412,32,0,1,100,D,1,D,06,D,8000,D,,A,,A,2,D,,A,08,D
20203,04415892,33,0,1,110,D,2,D,08,D,,A,,A,,A,2,D,,A,04,D
20203,04416202,55,0,1,200,D,6,D,08,D,,A,,A,,A,2,D,,A,03,D
20203,04416802,20,0,1,100,D,1,D,06,D,275,D,,A,,A,2,D,,A,03,D
20203,04418112,16,0,1,100,D,1,D,06,D,4000,D,,A,,A,2,D,,A,01,D
20203,04418683,40,0,1,110,D,1,D,06,D,10000,D,,A,,A,2,D,,A,02,D
20203,04423231,10,0,1,100,D,2,D,04,D,,A,,A,,A,2,D,,A,03,D
20203,04423551,24,0,1,135,D,1,D,06,D,4000,D,,A,,A,2,D,,A,14,D
20203,04424301,26,0,1,100,D,4,D,06,D,,A,,A,2111,F,2,D,,A,03,D
20203,04424491,13,0,1,100,D,2,D,05,D,,A,,A,,A,2,D,,A,01,D
20203,04425191,22,0,1,110,D,1,D,06,D,600,D,,A,,A,2,D,,A,05,D
20203,04425861,39,0,1,135,D,1,D,05,D,2000,D,,A,,A,2,D,,A,08,D
20203,04428361,7,0,1,110,D,4,D,04,D,,A,,A,1110,F,2,D,,A,02,D
20203,04431191,16,0,1,100,D,4,D,04,D,,A,20000,D,,A,2,D,,A,01,D
20203,04461871,25,0,1,180,D,6,D,06,D,,A,,A,,A,,C,,A,03,D
20203,04462431,16,0,1,100,D,6,D,05,D,,A,,A,,A,2,D,,A,02,D
20203,04464051,20,0,1,100,D,1,D,06,D,3000,D,,A,,A,2,D,,A,04,D
20203,04464771,35,0,1,100,D,1,D,06,D,4000,D,,A,,A,2,D,,A,03,D
20203,04466561,14,0,1,110,D,4,D,06,D,,A,,A,,A,1,D,13000,D,05,D
20203,04467461,42,0,1,100,D,4,D,06,D,,A,,A,,A,2,D,,A,05,D
20203,04503231,40,0,1,110,D,1,D,07,D,15900,D,,A,,A,2,D,,A,06,D
20203,04503481,19,0,1,110,D,1,D,08,D,11000,D,,A,,A,2,D,,A,03,D
20203,04505084,23,0,1,100,D,3,D,07,D,,A,,A,,A,2,D,,A,03,D
20203,04505291,27,0,1,100,D,1,D,08,D,750,D,,A,,A,2,D,,A,12,D
20203,04507871,19,0,1,110,D,1,D,06,D,1300,D,,A,,A,2,D,,A,03,D
20203,04510081,25,0,1,100,D,2,D,06,D,,A,,A,,A,2,D,,A,05,D
20203,04512261,44,0,1,100,D,1,D,06,D,2000,D,,A,,A,2,D,,A,02,D
20203,04512371,22,0,1,100,D,1,D,08,D,600,D,,A,,A,2,D,,A,04,D
20203,04513021,33,0,1,100,D,3,D,07,D,,A,,A,,A,2,D,,A,02,D
20203,04513411,32,0,1,160,D,1,D,07,D,6100,T,,A,,A,2,D,,A,08,D
20204,04310084,21,0,1,110,D,1,D,07,D,7000,D,,A,,A,2,D,,A,02,D
20204,04311524,26,0,1,110,D,1,D,08,D,1000,D,,A,,A,2,D,,A,01,D
20204,04312034,54,0,1,135,D,1,D,07,D,6500,D,,A,,A,2,D,,A,03,D
20204,04312254,33,0,1,110,D,3,D,09,D,,A,,A,,A,2,D,,A,01,D
20204,04312504,39,0,1,100,D,3,D,08,D,,A,,A,,A,2,D,,A,09,D
20204,04312654,22,0,1,100,D,6,D,07,D,,A,,A,,A,2,D,,A,01,D
20204,04312654,23,0,1,110,D,3,D,07,D,,A,,A,,A,,C,,A,02,D
20204,04312724,25,0,1,100,D,6,D,09,D,,A,,A,,A,2,D,,A,01,D
20204,04313144,36,0,1,100,D,1,D,08,D,36000,D,,A,,A,2,D,,A,04,D
20204,04313404,22,0,1,110,D,2,D,08,D,,A,,A,,A,2,D,,A,02,D
20204,04313464,22,0,1,110,D,6,D,09,D,,A,,A,,A,2,D,,A,01,D
20204,04313744,24,0,1,100,D,6,D,08,D,,A,,A,,A,2,D,,A,03,D
20204,04313744,25,0,1,110,D,6,D,07,D,,A,,A,,A,2,D,,A,04,D
20204,04313844,20,0,1,110,D,2,D,07,D,,A,,A,,A,2,D,,A,02,D
20204,04314674,20,0,1,100,D,2,D,09,D,,A,,A,,A,2,D,,A,01,D
20204,04314954,43,0,1,100,D,2,D,07,D,,A,,A,,A,2,D,,A,03,D
20204,04315764,30,0,1,110,D,2,D,09,D,,A,,A,,A,1,D,,A,02,D
20204,04316104,26,0,1,110,D,3,D,09,D,,A,,A,,A,2,D,,A,01,D
20204,04316114,14,0,1,100,D,3,D,07,D,,A,,A,,A,2,D,,A,02,D
20204,04316284,31,0,1,100,D,2,D,09,D,,A,,A,,A,1,D,,A,02,D
20204,04316364,23,0,2,110,D,2,D,07,D,,A,,A,,A,2,D,,A,01,D
20204,04316394,34,0,1,110,D,1,D,08,D,1850,D,,A,,A,2,D,,A,01,D
20204,04316394,35,0,1,100,D,1,D,07,D,2500,D,,A,,A,2,D,,A,02,D
20204,04316884,27,0,1,100,D,3,D,07,D,,A,,A,,A,2,D,,A,02,D
20204,04317404,15,0,1,110,D,3,D,09,D,,A,,A,,A,2,D,,A,02,D
20204,04318224,11,0,1,150,D,6,D,07,D,,A,,A,,A,,C,,A,03,D
20204,04318454,38,0,1,110,D,6,D,07,D,,A,,A,,A,2,D,,A,01,D
20204,04318454,39,0,1,110,D,6,D,09,D,,A,,A,,A,1,D,,A,02,D
20204,04318884,38,0,1,100,D,1,D,07,D,4700,D,,A,,A,2,D,,A,02,D
20204,04320254,46,0,1,100,D,1,D,08,D,1500,D,,A,,A,2,D,,A,01,D
20204,04320594,39,0,2,160,D,1,D,07,D,1900,D,,A,,A,2,D,,A,05,D
20204,04320694,37,0,1,200,D,1,D,08,D,4000,D,,A,,A,2,D,,A,04,D
20204,04320694,38,0,1,180,D,1,D,08,D,800,D,,A,,A,2,D,,A,07,D
20204,04320844,60,0,2,160,D,1,D,08,D,31250,T,,A,,A,2,D,,A,02,D
20204,04321784,47,0,1,110,D,4,D,08,D,,A,,A,,A,2,D,,A,02,D
20204,04321974,55,0,1,110,D,2,D,10,D,,A,,A,,A,2,D,,A,01,D
20204,04322014,33,0,1,110,D,2,D,08,D,,A,,A,,A,2,D,,A,02,D
20204,04322904,22,0,1,110,D,2,D,10,D,,A,,A,,A,1,D,,A,01,D
20204,04322964,26,0,1,100,D,1,D,09,D,3000,D,,A,,A,2,D,,A,01,D
20204,04323324,18,0,1,100,D,2,D,09,D,,A,,A,,A,1,D,16000,F,01,D
20204,04323704,44,0,1,160,D,6,D,10,D,,A,,A,,A,2,D,,A,03,D
20204,04323784,33,0,1,100,D,1,D,10,D,8000,D,,A,,A,2,D,,A,02,D
20204,04324014,37,0,1,110,D,4,D,08,D,,A,3500,D,,A,2,D,,A,01,D
20204,04324304,17,0,1,100,D,4,D,09,D,,A,3800,D,,A,1,D,7600,D,02,D
20204,04324564,43,0,1,110,D,1,D,10,D,1500,D,,A,,A,2,D,,A,05,D
20204,04324984,44,0,1,110,D,2,D,10,D,,A,,A,,A,1,D,,A,01,D
20204,04325264,29,0,1,110,D,3,D,08,D,,A,,A,,A,2,D,,A,01,D
20204,04325304,32,0,1,110,D,1,D,08,D,6500,D,,A,,A,2,D,,A,01,D
20204,04325304,33,0,1,110,D,1,D,08,D,1200,D,,A,,A,2,D,,A,03,D
20204,04325304,34,0,1,110,D,1,D,08,D,800,D,,A,,A,2,D,,A,04,D
20204,04325834,18,0,1,100,D,3,D,08,D,,A,,A,,A,2,D,,A,01,D
20204,04326114,22,0,1,100,D,2,D,10,D,,A,,A,,A,2,D,,A,02,D
20204,04327224,14,0,1,100,D,2,D,08,D,,A,,A,,A,1,D,,A,01,D
20204,04327454,44,0,1,100,D,6,D,08,D,,A,,A,,A,2,D,,A,03,D
20204,04327814,33,0,1,110,D,1,D,09,D,14000,D,,A,,A,2,D,,A,02,D
20204,04329144,34,0,1,100,D,2,D,10,D,,A,,A,,A,1,D,,A,01,D
20204,04329174,37,0,1,110,D,2,D,08,D,,A,,A,,A,1,D,,A,03,D
20204,04330444,23,0,1,110,D,2,D,10,D,,A,,A,,A,2,D,,A,02,D
20204,04330524,33,0,1,100,D,1,D,10,D,3200,D,,A,,A,2,D,,A,04,D
20204,04331274,44,0,1,110,D,1,D,09,D,9500,D,,A,,A,2,D,,A,02,D
20204,04331304,34,0,1,100,D,4,D,09,D,,A,8500,D,,A,1,D,5000,D,02,D
20204,04341634,37,0,1,100,D,1,D,10,D,1000,D,,A,,A,2,D,,A,03,D
20204,04342084,32,0,1,110,D,1,D,10,D,3200,F,,A,,A,2,D,,A,01,D
20204,04342764,13,0,1,110,D,2,D,10,D,,A,,A,,A,2,D,,A,01,D
20204,04342774,22,0,2,110,D,2,D,09,D,,A,,A,,A,1,D,,A,01,D
20204,04343424,45,0,1,100,D,1,D,10,D,42000,D,,A,,A,2,D,,A,02,D
20204,04343714,39,0,1,100,D,2,D,09,D,,A,,A,,A,2,D,,A,02,D
20204,04344164,21,0,1,110,D,1,D,10,D,12500,D,,A,,A,2,D,,A,01,D
20204,04344254,39,0,1,110,D,2,D,10,D,,A,,A,,A,2,D,,A,01,D
20204,04345194,26,0,1,100,D,3,D,09,D,,A,,A,,A,2,D,,A,01,D
20204,04346364,34,0,2,100,D,2,D,09,D,,A,,A,,A,2,D,,A,02,D
20204,04346504,28,0,1,110,D,2,D,10,D,,A,,A,,A,2,D,,A,02,D
20204,04347884,17,0,1,100,D,1,D,11,D,4000,D,,A,,A,2,D,,A,01,D
20204,04348794,33,0,1,100,D,2,D,11,D,,A,,A,,A,2,D,,A,01,D
20204,04350074,21,0,2,110,D,6,D,09,D,,A,,A,,A,2,D,,A,02,D
20204,04350254,27,0,1,100,D,6,D,10,D,,A,,A,,A,2,D,,A,02,D
20204,04379083,31,0,1,100,D,2,D,08,D,,A,,A,,A,2,D,,A,02,D
20204,04379303,25,0,2,110,D,1,D,07,D,300,D,,A,,A,2,D,,A,03,D
20204,04379373,58,0,1,110,D,6,D,07,D,,A,,A,,A,1,D,,A,04,D
20204,04379523,62,0,1,110,D,3,D,09,D,,A,,A,,A,2,D,,A,04,D
20204,04379683,27,0,1,110,D,4,D,08,D,,A,5000,D,,A,2,D,,A,03,D
20204,04379693,27,0,2,110,D,6,D,07,D,,A,,A,,A,2,D,,A,01,D
20204,04379693,28,0,2,150,D,6,D,07,D,,A,,A,,A,2,D,,A,04,D
20204,04379873,23,0,1,100,D,1,D,07,D,400,D,,A,,A,2,D,,A,03,D
20204,04381033,31,0,1,150,D,1,D,09,D,200,D,,A,,A,2,D,,A,03,D
20204,04381483,30,0,1,100,D,1,D,09,D,8500,D,,A,,A,2,D,,A,04,D
20204,04382073,30,0,2,110,D,6,D,07,D,,A,,A,,A,2,D,,A,04,D
20204,04382073,31,0,2,110,D,6,D,07,D,,A,,A,,A,2,D,,A,05,D
20204,04382193,49,0,1,110,D,2,D,08,D,,A,,A,,A,2,D,,A,01,D
20204,04382383,16,0,1,100,D,1,D,08,D,3800,D,,A,,A,2,D,,A,01,D
20204,04382563,20,0,1,100,D,1,D,09,D,800,D,,A,,A,2,D,,A,03,D
20204,04382703,30,0,1,135,D,3,D,08,D,,A,,A,,A,2,D,,A,03,D
20204,04383363,11,0,1,110,D,2,D,09,D,,A,,A,,A,2,D,,A,01,D
20204,04384353,14,0,1,100,D,1,D,09,D,19000,D,,A,,A,2,D,,A,01,D
20204,04384884,25,0,1,110,D,1,D,09,D,500,D,,A,,A,2,D,,A,02,D
20204,04384943,32,0,1,110,D,4,D,07,D,,A,,A,,A,2,D,,A,03,D
20204,04386113,18,0,1,100,D,4,D,07,D,,A,4500,F,,A,2,D,,A,01,D
20204,04386583,39,0,1,160,D,1,D,09,D,1000,D,,A,,A,2,D,,A,04,D
20204,04386813,29,0,1,110,D,2,D,08,D,,A,,A,,A,2,D,,A,01,D
20204,04386893,43,0,1,100,D,3,D,07,D,,A,,A,,A,1,D,,A,01,D
20204,04387023,20,0,1,100,D,1,D,09,D,2500,D,,A,,A,2,D,,A,05,D
20204,04387413,20,0,1,110,D,1,D,08,D,800,D,,A,,A,2,D,,A,03,D
20204,04387693,18,0,1,110,D,1,D,09,D,8000,D,,A,,A,2,D,,A,01,D
20204,04388493,31,0,1,110,D,2,D,09,D,,A,,A,,A,2,D,,A,03,D
20204,04388873,39,0,1,110,D,3,D,07,D,,A,,A,,A,2,D,,A,01,D
20204,04389273,32,0,1,110,D,2,D,07,D,,A,,A,,A,2,D,,A,01,D
20204,04389273,33,0,1,100,D,2,D,07,D,,A,,A,,A,1,D,7600,F,02,D
20204,04389683,27,0,1,100,D,2,D,09,D,,A,,A,,A,1,D,,A,01,D
20204,04390463,35,0,1,100,D,1,D,07,D,4000,D,,A,,A,2,D,,A,02,D
20204,04390483,23,0,1,100,D,1,D,09,D,1000,D,,A,,A,2,D,,A,02,D
20204,04390843,30,0,1,110,D,4,D,07,D,,A,,A,,A,1,D,,A,01,D
20204,04391303,17,0,1,100,D,4,D,09,D,,A,,A,12000,F,1,D,12000,D,01,D
20204,04391303,18,0,1,110,D,6,D,09,D,,A,,A,,A,2,D,,A,02,D
20204,04391353,26,0,1,100,D,2,D,09,D,,A,,A,,A,1,D,,A,01,D
20204,04391393,17,0,1,110,D,3,D,07,D,,A,,A,,A,2,D,,A,01,D
20204,04392233,26,0,1,100,D,6,D,08,D,,A,,A,,A,2,D,,A,01,D
20204,04392423,26,0,1,110,D,3,D,08,D,,A,,A,,A,2,D,,A,01,D
20204,04392663,23,0,1,100,D,1,D,09,D,250,D,,A,,A,2,D,,A,02,D
20204,04392973,40,0,1,100,D,3,D,08,D,,A,,A,,A,2,D,,A,04,D
20204,04393143,28,0,1,100,D,1,D,08,D,4000,F,,A,,A,2,D,,A,01,D
20204,04393804,28,0,1,200,D,2,D,09,D,,A,,A,,A,2,D,,A,02,D
20204,04394013,27,0,1,100,D,1,D,08,D,2000,D,,A,,A,2,D,,A,01,D
20204,04394353,15,0,1,100,D,6,D,08,D,,A,,A,,A,2,D,,A,01,D
20204,04394453,17,0,1,100,D,2,D,09,D,,A,,A,,A,1,D,,A,01,D
20204,04394503,26,0,1,110,D,6,D,10,D,,A,,A,,A,2,D,,A,02,D
20204,04394853,31,0,1,100,D,1,D,10,D,2000,D,,A,,A,2,D,,A,02,D
20204,04395223,38,0,1,110,D,4,D,08,D,,A,12400,D,,A,1,D,2000,D,02,D
20204,04395373,35,0,1,100,D,2,D,08,D,,A,,A,,A,2,D,,A,01,D
20204,04395853,26,0,1,100,D,4,D,10,D,,A,4500,D,,A,2,D,,A,02,D
20204,04396053,17,0,1,100,D,3,D,08,D,,A,,A,,A,2,D,,A,03,D
20204,04397263,31,0,1,150,D,6,D,10,D,,A,,A,,A,2,D,,A,02,D
20204,04398823,23,0,1,110,D,2,D,10,D,,A,,A,,A,2,D,,A,01,D
20204,04399183,8,0,1,110,D,6,D,08,D,,A,,A,,A,2,D,,A,01,D
20204,04402013,26,0,1,110,D,1,D,08,D,10000,D,,A,,A,2,D,,A,01,D
20204,04402093,23,0,1,100,D,1,D,08,D,4300,D,,A,,A,2,D,,A,02,D
20204,04403033,22,0,1,100,D,6,D,10,D,,A,,A,,A,2,D,,A,02,D
20204,04403843,30,0,1,100,D,2,D,08,D,,A,,A,,A,2,D,,A,01,D
20204,04404223,54,0,1,120,D,6,D,08,D,,A,,A,,A,2,D,,A,04,D
20204,04404304,26,0,1,110,D,1,D,08,D,2020,D,,A,,A,2,D,,A,01,D
20204,04404584,26,0,1,100,D,1,D,08,D,1300,D,,A,,A,2,D,,A,01,D
20204,04404613,39,0,1,110,D,2,D,10,D,,A,,A,,A,2,D,,A,02,D
20204,04404923,17,0,2,110,D,1,D,08,D,17000,D,,A,,A,2,D,,A,01,D
20204,04405473,21,0,1,110,D,6,D,10,D,,A,,A,,A,2,D,,A,01,D
20204,04405943,42,0,1,110,D,4,D,10,D,,A,3239,D,,A,2,D,,A,02,D
20204,04406804,47,0,1,150,D,1,D,09,D,5000,D,,A,,A,2,D,,A,04,D
20204,04407573,23,0,1,110,D,2,D,10,D,,A,,A,,A,2,D,,A,03,D
20204,04407573,700,0,1,110,D,4,D,11,D,,A,10740,D,,A,1,D,9360,D,04,D
20204,04408043,25,0,1,110,D,2,D,11,D,,A,,A,,A,2,D,,A,01,D
20204,04408693,11,0,1,110,D,3,D,09,D,,A,,A,,A,1,D,2800,F,02,D
20204,04409213,28,0,1,100,D,3,D,10,D,,A,,A,,A,2,D,,A,01,D
20204,04409593,27,0,1,110,D,4,D,11,D,,A,6000,D,,A,1,D,6000,D,02,D
20204,04410723,26,0,1,100,D,1,D,09,D,4500,D,,A,,A,2,D,,A,05,D
20204,04414843,16,0,1,100,D,4,D,10,D,,A,16000,D,,A,1,D,16000,D,01,D
20204,04415413,39,0,1,100,D,1,D,11,D,7500,D,,A,,A,2,D,,A,08,D
20204,04415523,33,0,1,100,D,3,D,11,D,,A,,A,,A,2,D,,A,03,D
20204,04416213,22,0,1,110,D,1,D,11,D,2000,D,,A,,A,2,D,,A,01,D
20204,04416363,16,0,1,100,D,3,D,09,D,,A,,A,,A,2,D,,A,01,D
20204,04416873,23,0,1,110,D,1,D,11,D,1200,D,,A,,A,2,D,,A,02,D
20204,04417103,20,0,1,110,D,1,D,09,D,2400,D,,A,,A,2,D,,A,02,D
20204,04420432,38,0,1,110,D,1,D,09,D,3500,D,,A,,A,2,D,,A,02,D
20204,04420722,20,0,1,110,D,2,D,08,D,,A,,A,,A,2,D,,A,01,D
20204,04423232,18,0,1,100,D,2,D,07,D,,A,,A,,A,2,D,,A,03,D
20204,04423342,14,0,1,100,D,4,D,07,D,,A,7000,D,,A,2,D,,A,01,D
20204,04423552,40,0,1,135,D,1,D,08,D,3000,D,,A,,A,2,D,,A,08,D
20204,04423552,41,0,1,110,D,1,D,07,D,17500,D,,A,,A,2,D,,A,13,D
20204,04423552,42,0,1,135,D,1,D,08,D,4000,D,,A,,A,2,D,,A,14,D
20204,04423762,17,0,1,110,D,5,D,08,D,,A,,A,,A,2,D,,A,01,D
20204,04423852,19,0,1,100,D,2,D,08,D,,A,,A,,A,2,D,,A,01,D
20204,04424302,33,0,1,100,D,4,D,07,D,,A,3500,D,,A,2,D,,A,03,D
20204,04424382,12,0,1,110,D,2,D,09,D,,A,,A,,A,2,D,,A,01,D
20204,04424562,20,0,1,100,D,3,D,08,D,,A,,A,,A,2,D,,A,01,D
20204,04424832,13,0,1,110,D,2,D,07,D,,A,,A,,A,2,D,,A,01,D
20204,04425792,35,0,1,180,D,1,D,09,D,1500,D,,A,,A,2,D,,A,03,D
20204,04425862,62,0,1,135,D,1,D,08,D,2000,D,,A,,A,2,D,,A,08,D
20204,04426012,34,0,1,110,D,1,D,08,D,775,D,,A,,A,2,D,,A,01,D
20204,04426102,38,0,1,100,D,1,D,08,D,6000,D,,A,,A,2,D,,A,01,D
20204,04426112,25,0,1,,B,6,D,08,D,,A,,A,,A,2,D,,A,02,D
20204,04426582,27,0,1,110,D,4,D,07,D,,A,,A,,A,2,D,,A,02,D
20204,04426772,25,0,1,100,D,2,D,08,D,,A,,A,,A,2,D,,A,01,D
20204,04427192,28,0,1,110,D,1,D,08,D,3500,D,,A,,A,2,D,,A,02,D
20204,04427212,30,0,1,110,D,3,D,08,D,,A,,A,,A,2,D,,A,01,D
20204,04427212,31,0,1,110,D,3,D,08,D,,A,,A,,A,2,D,,A,02,D
20204,04427482,27,0,1,100,D,1,D,07,D,4000,D,,A,,A,2,D,,A,01,D
20204,04427502,22,0,1,110,D,2,D,08,D,,A,,A,,A,1,D,6000,D,01,D
20204,04428832,26,0,1,110,D,2,D,07,D,,A,,A,,A,2,D,,A,01,D
20204,04429292,13,0,2,,B,3,D,07,D,,A,,A,,A,2,D,,A,04,D
20204,04429292,14,0,2,100,D,3,D,07,D,,A,,A,,A,2,D,,A,05,D
20204,04429812,34,0,1,100,D,2,D,08,D,,A,,A,,A,1,D,1700,D,02,D
20204,04429972,18,0,1,110,D,2,D,07,D,,A,,A,,A,1,D,,A,01,D
20204,04429972,19,0,1,110,D,2,D,07,D,,A,,A,,A,1,D,,A,02,D
20204,04430972,28,0,1,110,D,1,D,08,D,4000,D,,A,,A,2,D,,A,01,D
20204,04431192,13,0,1,100,D,4,D,09,D,,A,3500,F,,A,2,D,,A,01,D
20204,04431502,16,0,1,100,D,1,D,07,D,2000,D,,A,,A,2,D,,A,01,D
20204,04463582,20,0,1,110,D,1,D,10,D,12500,D,,A,,A,1,D,8500,D,05,D
20204,04463912,18,0,1,110,D,1,D,09,D,3000,D,,A,,A,2,D,,A,02,D
20204,04464052,20,0,1,110,D,1,D,08,D,2000,F,,A,,A,2,D,,A,01,D
20204,04464492,37,0,1,110,D,2,D,10,D,,A,,A,,A,2,D,,A,01,D
20204,04464772,47,0,1,100,D,1,D,10,D,4000,D,,A,,A,2,D,,A,03,D
20204,04466162,13,0,1,110,D,4,D,10,D,,A,10000,D,,A,1,D,24000,F,01,D
20204,04466502,45,0,1,110,D,6,D,10,D,,A,,A,,A,2,D,,A,04,D
20204,04468952,18,0,1,160,D,1,D,09,D,31250,T,,A,,A,2,D,,A,03,D
20204,04468952,19,0,1,180,D,1,D,09,D,2000,D,,A,,A,2,D,,A,04,D
20204,04469892,43,0,1,110,D,2,D,10,D,,A,,A,,A,2,D,,A,01,D
20204,04470742,32,0,1,100,D,3,D,10,D,,A,,A,,A,2,D,,A,01,D
20204,04471292,37,0,1,100,D,6,D,09,D,,A,,A,,A,2,D,,A,01,D
20204,04471552,33,0,1,150,D,1,D,09,D,750,D,,A,,A,2,D,,A,03,D
20204,04472042,25,0,1,110,D,1,D,10,D,3200,D,,A,,A,2,D,,A,01,D
20204,04472192,51,0,1,100,D,1,D,10,D,900,D,,A,,A,2,D,,A,03,D
20204,04472412,25,0,1,100,D,1,D,08,D,4000,D,,A,,A,2,D,,A,01,D
20204,04472522,37,0,1,100,D,1,D,10,D,200,D,,A,,A,2,D,,A,01,D
20204,04503232,48,0,1,110,D,1,D,09,D,14700,D,,A,,A,2,D,,A,06,D
20204,04503252,16,0,1,110,D,1,D,11,D,1000,D,,A,,A,2,D,,A,03,D
20204,04503282,9,0,1,100,D,4,D,10,D,,A,,A,,A,2,D,,A,01,D
20204,04503482,42,0,1,100,D,1,D,11,D,3400,D,,A,,A,2,D,,A,01,D
20204,04503482,43,0,1,110,D,1,D,09,D,11000,D,,A,,A,2,D,,A,03,D
20204,04503742,26,0,1,110,D,6,D,10,D,,A,,A,,A,2,D,,A,02,D
20204,04503872,12,0,1,110,D,6,D,11,D,,A,,A,,A,1,D,2800,D,02,D
20204,04503922,30,0,1,110,D,3,D,11,D,,A,,A,,A,2,D,,A,02,D
20204,04504502,44,0,1,100,D,3,D,11,D,,A,,A,,A,2,D,,A,02,D
20204,04504732,23,0,1,110,D,6,D,09,D,,A,,A,,A,2,D,,A,01,D
20204,04504732,24,0,1,110,D,6,D,09,D,,A,,A,,A,2,D,,A,02,D
20204,04505162,31,0,1,100,D,2,D,11,D,,A,,A,,A,2,D,,A,01,D
20204,04506382,37,0,1,110,D,6,D,09,D,,A,,A,,A,2,D,,A,01,D
20204,04506382,38,0,1,110,D,6,D,09,D,,A,,A,,A,2,D,,A,02,D
20204,04506382,39,0,1,100,D,6,D,09,D,,A,,A,,A,2,D,,A,04,D
20204,04507182,22,0,1,110,D,2,D,11,D,,A,,A,,A,2,D,,A,02,D
20204,04507872,22,0,1,110,D,1,D,09,D,1300,D,,A,,A,2,D,,A,03,D
20204,04509162,19,0,1,150,D,,C,11,D,,A,,A,,A,2,D,,A,04,D
20204,04509792,38,0,1,110,D,2,D,11,D,,A,,A,,A,1,D,24000,D,01,D
20204,04510472,46,0,1,100,D,3,D,11,D,,A,,A,,A,2,D,,A,01,D
20204,04510562,27,0,1,110,D,6,D,09,D,,A,,A,,A,,C,,A,02,D
20204,04510562,28,0,1,110,D,6,D,10,D,,A,,A,,A,,C,,A,03,D
20204,04510892,43,0,1,110,D,2,D,09,D,,A,,A,,A,2,D,,A,04,D
20204,04511772,20,0,1,110,D,6,D,11,D,,A,,A,,A,2,D,,A,01,D
20204,04511812,32,0,1,150,D,2,D,10,D,,A,,A,,A,1,D,,A,04,D
20204,04511972,29,0,1,110,D,1,D,11,D,2500,D,,A,,A,2,D,,A,02,D
20204,04512172,14,0,1,110,D,6,D,11,D,,A,,A,,A,2,D,,A,01,D
20204,04512262,32,0,1,100,D,1,D,09,D,2000,D,,A,,A,2,D,,A,02,D
20204,04512372,38,0,1,100,D,1,D,09,D,600,D,,A,,A,2,D,,A,04,D
20204,04513022,34,0,1,100,D,3,D,10,D,,A,,A,,A,2,D,,A,02,D
20204,04545692,12,0,1,110,D,1,D,09,D,700,D,,A,,A,2,D,,A,02,D
20204,04546271,28,0,1,100,D,2,D,07,D,,A,,A,,A,1,D,,A,02,D
20204,04546271,29,0,1,100,D,1,D,07,D,4500,D,,A,,A,2,D,,A,03,D
20204,04547441,33,0,1,100,D,1,D,08,D,2400,D,,A,,A,2,D,,A,02,D
20204,04547551,9,0,1,100,D,2,D,07,D,,A,,A,,A,2,D,,A,02,D
20204,04549091,23,0,1,100,D,1,D,08,D,500,D,,A,,A,2,D,,A,02,D
20204,04552991,34,0,1,110,D,1,D,07,D,2000,D,,A,,A,2,D,,A,08,D
20204,04552991,35,0,1,110,D,1,D,09,D,13000,D,,A,,A,2,D,,A,09,D
20204,04553611,26,0,1,100,D,1,D,08,D,8500,D,,A,,A,2,D,,A,04,D
20204,04555541,18,0,1,100,D,1,D,08,D,8000,D,,A,,A,2,D,,A,05,D
20204,04555741,28,0,1,100,D,1,D,09,D,350,D,,A,,A,2,D,,A,09,D
20204,04555741,29,0,1,100,D,1,D,09,D,200,D,,A,,A,2,D,,A,10,D
20204,04556341,26,0,1,110,D,1,D,08,D,3000,D,,A,,A,1,D,9360,F,02,D
20204,04556744,8,0,1,110,D,1,D,09,D,100,D,,A,,A,2,D,,A,02,D
20204,04558991,21,0,1,110,D,1,D,10,D,2000,D,,A,,A,2,D,,A,03,D
20204,04561461,35,0,1,160,D,6,D,09,D,,A,,A,,A,2,D,,A,05,D
20204,04561521,35,0,1,100,D,1,D,08,D,2400,F,,A,,A,2,D,,A,04,D
20204,04566471,11,0,1,100,D,3,D,09,D,,A,,A,,A,2,D,,A,02,D
20204,04566821,27,0,1,100,D,2,D,09,D,,A,,A,,A,2,D,,A,05,D
20204,04570821,56,0,1,100,D,1,D,09,D,70,D,,A,,A,2,D,,A,03,D
20204,04571641,21,0,1,110,D,4,D,09,D,,A,,A,1350,F,1,D,1350,D,05,D
20204,04572641,31,0,1,110,D,3,D,09,D,,A,,A,,A,2,D,,A,04,D
20204,04576901,31,0,1,200,D,5,D,09,D,,A,,A,,A,2,D,,A,03,D
20204,04579531,26,0,1,110,D,4,D,09,D,,A,1000,D,,A,2,D,,A,02,D
20211,04378474,12,0,1,100,D,4,D,11,D,,A,,A,,A,2,D,,A,01,D
20211,04378614,61,0,1,100,D,3,D,12,D,,A,,A,,A,2,D,,A,01,D
20211,04379304,29,0,2,150,D,1,D,10,D,7000,D,,A,,A,2,D,,A,04,D
20211,04379624,18,0,1,100,D,1,D,12,D,400,D,,A,,A,2,D,,A,02,D
20211,04379874,25,0,1,110,D,3,D,10,D,,A,,A,,A,2,D,,A,01,D
20211,04379874,26,0,1,100,D,3,D,10,D,,A,,A,,A,2,D,,A,03,D
20211,04380094,19,0,1,110,D,6,D,12,D,,A,,A,,A,2,D,,A,01,D
20211,04381204,34,0,1,100,D,1,D,12,D,300,D,,A,,A,2,D,,A,01,D
20211,04381424,18,0,1,200,D,3,D,12,D,,A,,A,,A,2,D,,A,03,D
20211,04382704,23,0,1,110,D,3,D,11,D,,A,,A,,A,2,D,,A,01,D
20211,04383084,9,0,1,110,D,,C,10,D,,A,,A,,A,2,D,,A,02,D
20211,04384434,400,0,1,110,D,2,D,12,D,,A,,A,,A,1,D,,A,02,D
20211,04385574,15,0,1,110,D,2,D,12,D,,A,,A,,A,2,D,,A,01,D
20211,04387044,25,0,1,100,D,1,D,10,D,3000,D,,A,,A,2,D,,A,01,D
20211,04387404,64,0,1,150,D,1,D,12,D,575,D,,A,,A,2,D,,A,03,D
20211,04387774,21,0,1,100,D,1,D,11,D,1100,D,,A,,A,2,D,,A,03,D
20211,04388164,32,0,1,110,D,4,D,10,D,,A,,A,,A,2,D,,A,03,D
20211,04389144,20,0,1,110,D,2,D,10,D,,A,,A,,A,2,D,,A,02,D
20211,04392494,48,0,1,110,D,2,D,01,D,,A,,A,,A,2,D,,A,01,D
20211,04393204,31,0,1,100,D,4,D,01,D,,A,,A,,A,2,D,,A,01,D
20211,04394414,29,0,1,110,D,1,D,12,D,2750,D,,A,,A,2,D,,A,01,D
20211,04394454,18,0,1,100,D,1,D,01,D,170,D,,A,,A,2,D,,A,02,D
20211,04394904,31,0,1,100,D,1,D,12,D,16000,D,,A,,A,2,D,,A,02,D
20211,04395124,41,0,1,110,D,2,D,11,D,,A,,A,,A,2,D,,A,04,D
20211,04395564,15,0,1,100,D,4,D,11,D,,A,,A,,A,2,D,,A,01,D
20211,04395854,29,0,1,100,D,4,D,11,D,,A,,A,,A,2,D,,A,05,D
20211,04396614,28,0,1,100,D,1,D,01,D,450,D,,A,,A,2,D,,A,01,D
20211,04397354,31,0,1,110,D,2,D,01,D,,A,,A,,A,2,D,,A,01,D
20211,04397644,21,0,1,110,D,2,D,12,D,,A,,A,,A,1,D,,A,01,D
20211,04397824,18,0,1,110,D,2,D,12,D,,A,,A,,A,2,D,,A,01,D
20211,04398164,22,0,1,100,D,6,D,11,D,,A,,A,,A,2,D,,A,04,D
20211,04398444,12,0,1,100,D,6,D,12,D,,A,,A,,A,2,D,,A,02,D
20211,04398764,28,0,1,110,D,1,D,12,D,1400,D,,A,,A,2,D,,A,02,D
20211,04398944,31,0,1,110,D,1,D,01,D,1600,D,,A,,A,2,D,,A,03,D
20211,04399034,21,0,1,110,D,2,D,01,D,,A,,A,,A,2,D,,A,01,D
20211,04400084,28,0,1,110,D,1,D,11,D,3500,D,,A,,A,2,D,,A,06,D
20211,04400674,35,0,1,100,D,1,D,12,D,4500,D,,A,,A,2,D,,A,03,D
20211,04400884,47,0,2,110,D,1,D,11,D,15000,D,,A,,A,2,D,,A,02,D
20211,04401294,18,0,1,100,D,4,D,01,D,,A,12000,D,,A,1,D,6000,D,01,D
20211,04401474,32,0,2,100,D,2,D,11,D,,A,,A,,A,2,D,,A,01,D
20211,04401814,20,0,1,110,D,4,D,12,D,,A,1300,D,,A,2,D,,A,01,D
20211,04402214,16,0,1,110,D,3,D,01,D,,A,,A,,A,2,D,,A,02,D
20211,04402394,44,0,1,100,D,2,D,01,D,,A,,A,,A,1,D,,A,04,D
20211,04404264,19,0,1,100,D,1,D,12,D,2500,D,,A,,A,2,D,,A,01,D
20211,04404324,24,0,1,100,D,1,D,12,D,300,F,,A,,A,2,D,,A,01,D
20211,04404374,16,0,1,110,D,1,D,01,D,300,D,,A,,A,2,D,,A,02,D
20211,04404374,17,0,1,100,D,4,D,12,D,,A,,A,,A,2,D,,A,03,D
20211,04404564,43,0,1,110,D,1,D,11,D,650,D,,A,,A,2,D,,A,04,D
20211,04405154,31,0,1,110,D,2,D,01,D,,A,,A,,A,2,D,,A,02,D
20211,04405444,56,0,1,160,D,2,D,11,D,,A,,A,,A,2,D,,A,02,D
20211,04405834,21,0,1,110,D,2,D,12,D,,A,,A,,A,2,D,,A,01,D
20211,04406694,18,0,1,110,D,2,D,02,D,,A,,A,,A,2,D,,A,01,D
20211,04406694,19,0,1,100,D,1,D,02,D,3800,D,,A,,A,2,D,,A,02,D
20211,04406814,12,0,1,100,D,3,D,12,D,,A,,A,,A,2,D,,A,01,D
20211,04407574,33,0,1,110,D,4,D,12,D,,A,1800,D,,A,1,D,9988,D,04,D
20211,04407914,15,0,1,100,D,1,D,01,D,6000,D,,A,,A,2,D,,A,01,D
20211,04408824,43,0,1,100,D,2,D,01,D,,A,,A,,A,2,D,,A,01,D
20211,04410054,36,0,1,100,D,6,D,01,D,,A,,A,,A,2,D,,A,02,D
20211,04410064,22,0,2,110,D,1,D,12,D,8000,F,,A,,A,2,D,,A,01,D
20211,04410944,54,0,1,110,D,2,D,01,D,,A,,A,,A,2,D,,A,02,D
20211,04411414,48,0,1,110,D,4,D,02,D,,A,,A,32000,D,1,D,,A,02,D
20211,04411854,30,0,1,100,D,4,D,01,D,,A,,A,,A,1,D,2000,D,02,D
20211,04411854,31,0,1,200,D,4,D,01,D,,A,,A,,A,1,D,2000,D,05,D
20211,04411874,18,0,1,100,D,6,D,02,D,,A,,A,,A,2,D,,A,03,D
20211,04412484,25,0,1,150,D,2,D,02,D,,A,,A,,A,1,D,,A,05,D
20211,04414424,11,0,1,110,D,6,D,02,D,,A,,A,,A,1,D,,A,01,D
20211,04414484,27,0,2,100,D,1,D,12,D,700,D,,A,,A,2,D,,A,01,D
20211,04415944,34,0,1,110,D,3,D,02,D,,A,,A,,A,2,D,,A,02,D
20211,04416064,34,0,1,100,D,2,D,12,D,,A,,A,,A,2,D,,A,01,D
20211,04416064,35,0,1,100,D,6,D,01,D,,A,,A,,A,2,D,,A,02,D
20211,04416064,36,0,1,180,D,1,D,02,D,5000,F,,A,,A,2,D,,A,06,D
20211,04416064,37,0,1,160,D,1,D,01,D,31250,T,,A,,A,2,D,,A,07,D
20211,04416384,16,0,1,110,D,1,D,12,D,400,D,,A,,A,2,D,,A,01,D
20211,04416464,18,0,1,100,D,3,D,12,D,,A,,A,,A,2,D,,A,01,D
20211,04416844,20,0,1,110,D,2,D,02,D,,A,,A,,A,2,D,,A,01,D
20211,04417144,26,0,1,110,D,4,D,01,D,,A,5000,D,,A,1,D,10000,D,01,D
20211,04417224,67,0,1,150,D,1,D,02,D,16000,D,,A,,A,2,D,,A,04,D
20211,04417654,19,0,1,110,D,6,D,12,D,,A,,A,,A,2,D,,A,02,D
20211,04418094,48,0,1,100,D,4,D,12,D,,A,7000,D,,A,2,D,,A,02,D
20211,04418234,29,0,1,100,D,3,D,02,D,,A,,A,,A,2,D,,A,01,D
20211,04419074,27,0,1,100,D,1,D,12,D,2500,D,,A,,A,2,D,,A,02,D
20211,04419304,13,0,1,100,D,6,D,01,D,,A,,A,,A,2,D,,A,02,D
20211,04419834,17,0,1,100,D,6,D,02,D,,A,,A,,A,2,D,,A,01,D
20211,04420114,31,0,1,100,D,3,D,02,D,,A,,A,,A,2,D,,A,03,D
20211,04420423,29,0,1,150,D,1,D,12,D,12000,D,,A,,A,1,D,6500,D,03,D
20211,04420443,35,0,2,110,D,2,D,10,D,,A,,A,,A,2,D,,A,01,D
20211,04420703,40,0,1,110,D,1,D,12,D,43000,D,,A,,A,2,D,,A,01,D
20211,04420703,41,0,2,135,D,1,D,10,D,26000,D,,A,,A,2,D,,A,05,D
20211,04421343,26,0,1,110,D,6,D,10,D,,A,,A,,A,2,D,,A,02,D
20211,04421463,17,0,1,110,D,2,D,10,D,,A,,A,,A,2,D,,A,01,D
20211,04422013,25,0,1,100,D,6,D,10,D,,A,,A,,A,1,D,,A,01,D
20211,04422363,26,0,1,100,D,1,D,10,D,3200,D,,A,,A,2,D,,A,03,D
20211,04423623,33,0,1,110,D,6,D,11,D,,A,,A,,A,2,D,,A,02,D
20211,04423673,17,0,1,100,D,4,D,10,D,,A,,A,,A,2,D,,A,01,D
20211,04423883,41,0,1,110,D,2,D,11,D,,A,,A,,A,2,D,,A,02,D
20211,04424223,31,0,2,100,D,2,D,10,D,,A,,A,,A,1,D,,A,01,D
20211,04424233,21,0,1,110,D,2,D,11,D,,A,,A,,A,2,D,,A,01,D
20211,04424933,22,0,1,110,D,2,D,11,D,,A,,A,,A,2,D,,A,02,D
20211,04424963,25,0,1,100,D,4,D,11,D,,A,,A,,A,2,D,,A,02,D
20211,04425193,23,0,1,110,D,1,D,10,D,600,D,,A,,A,2,D,,A,05,D
20211,04425583,23,0,1,180,D,3,D,10,D,,A,,A,,A,1,D,15000,D,02,D
20211,04427143,30,0,1,100,D,6,D,11,D,,A,,A,,A,2,D,,A,02,D
20211,04427973,35,0,1,110,D,1,D,12,D,16000,D,,A,,A,2,D,,A,01,D
20211,04428013,24,0,1,110,D,1,D,11,D,16000,D,,A,,A,2,D,,A,01,D
20211,04428173,37,0,2,110,D,2,D,10,D,,A,,A,,A,2,D,,A,01,D
20211,04428223,20,0,1,110,D,3,D,11,D,,A,,A,,A,2,D,,A,01,D
20211,04428503,32,0,1,100,D,2,D,12,D,,A,,A,,A,2,D,,A,02,D
20211,04428503,33,0,1,100,D,2,D,12,D,,A,,A,,A,2,D,,A,03,D
20211,04429813,31,0,1,100,D,2,D,10,D,,A,,A,,A,1,D,,A,02,D
20211,04429843,42,0,1,100,D,2,D,12,D,,A,,A,,A,2,D,,A,01,D
20211,04429943,24,0,1,100,D,6,D,10,D,,A,,A,,A,2,D,,A,01,D
20211,04429943,25,0,1,100,D,3,D,11,D,,A,,A,,A,2,D,,A,03,D
20211,04429943,26,0,1,110,D,1,D,11,D,4000,D,,A,,A,2,D,,A,04,D
20211,04430013,34,0,1,110,D,1,D,11,D,7000,D,,A,,A,2,D,,A,01,D
20211,04430723,39,0,1,110,D,2,D,12,D,,A,,A,,A,1,D,24000,F,01,D
20211,04431343,53,0,1,110,D,1,D,11,D,8000,D,,A,,A,2,D,,A,04,D
20211,04431343,54,0,1,100,D,1,D,11,D,3000,D,,A,,A,2,D,,A,05,D
20211,04431823,9,0,1,200,D,1,D,10,D,2000,D,,A,,A,2,D,,A,01,D
20211,04461323,10,0,1,100,D,4,D,01,D,,A,3200,D,,A,2,D,,A,01,D
20211,04462813,22,0,1,110,D,5,D,01,D,,A,,A,17158,D,1,D,24000,D,01,D
20211,04463583,36,0,1,110,D,1,D,11,D,12000,D,,A,,A,2,D,,A,05,D
20211,04463723,30,0,1,110,D,2,D,01,D,,A,,A,,A,1,D,,A,03,D
20211,04463993,8,0,1,200,D,1,D,01,D,700,D,,A,,A,2,D,,A,01,D
20211,04464783,20,0,1,100,D,6,D,01,D,,A,,A,,A,2,D,,A,01,D
20211,04465013,21,0,1,100,D,2,D,12,D,,A,,A,,A,1,D,17000,D,03,D
20211,04465493,19,0,2,100,D,4,D,11,D,,A,,A,10000,D,2,D,,A,01,D
20211,04465813,40,0,1,110,D,1,D,12,D,5000,D,,A,,A,2,D,,A,03,D
20211,04466403,21,0,1,110,D,3,D,11,D,,A,,A,,A,2,D,,A,01,D
20211,04466503,46,0,1,110,D,4,D,01,D,,A,2804,D,,A,2,D,,A,09,D
20211,04467393,23,0,1,100,D,2,D,12,D,,A,,A,,A,2,D,,A,01,D
20211,04467893,45,0,1,100,D,1,D,01,D,3000,F,,A,,A,2,D,,A,02,D
20211,04468694,41,0,1,110,D,1,D,01,D,16000,F,,A,,A,2,D,,A,01,D
20211,04468913,32,0,1,110,D,2,D,11,D,,A,,A,,A,2,D,,A,02,D
20211,04470573,34,0,1,100,D,6,D,11,D,,A,,A,,A,2,D,,A,01,D
20211,04470573,35,0,1,100,D,6,D,11,D,,A,,A,,A,2,D,,A,03,D
20211,04470583,33,0,1,110,D,2,D,12,D,,A,,A,,A,2,D,,A,01,D
20211,04472193,59,0,1,100,D,1,D,12,D,1500,D,,A,,A,2,D,,A,02,D
20211,04472383,52,0,1,110,D,4,D,11,D,,A,10500,D,,A,2,D,,A,04,D
20211,04503923,41,0,1,100,D,6,D,01,D,,A,,A,,A,2,D,,A,03,D
20211,04504343,28,0,1,110,D,2,D,12,D,,A,,A,,A,2,D,,A,01,D
20211,04504443,24,0,1,100,D,1,D,12,D,20500,D,,A,,A,2,D,,A,03,D
20211,04506013,19,0,1,100,D,4,D,01,D,,A,2000,D,,A,2,D,,A,01,D
20211,04506383,36,0,1,200,D,6,D,02,D,,A,,A,,A,2,D,,A,05,D
20211,04506383,37,0,1,200,D,6,D,12,D,,A,,A,,A,2,D,,A,06,D
20211,04506633,30,0,1,100,D,3,D,02,D,,A,,A,,A,2,D,,A,03,D
20211,04506823,17,0,1,110,D,2,D,02,D,,A,,A,,A,2,D,,A,01,D
20211,04506983,19,0,2,110,D,1,D,12,D,4300,D,,A,,A,2,D,,A,01,D
20211,04507163,13,0,1,110,D,1,D,12,D,600,D,,A,,A,2,D,,A,04,D
20211,04507503,32,0,1,100,D,3,D,12,D,,A,,A,,A,2,D,,A,02,D
20211,04507933,26,0,1,100,D,2,D,12,D,,A,,A,,A,1,D,12000,D,01,D
20211,04507953,38,0,1,100,D,1,D,02,D,5000,D,,A,,A,2,D,,A,01,D
20211,04509453,38,0,1,110,D,1,D,12,D,9500,D,,A,,A,2,D,,A,01,D
20211,04509513,26,0,1,110,D,3,D,01,D,,A,,A,,A,2,D,,A,03,D
20211,04510353,25,0,1,100,D,1,D,01,D,100,D,,A,,A,2,D,,A,03,D
20211,04512013,33,0,1,100,D,2,D,02,D,,A,,A,,A,2,D,,A,01,D
20211,04512173,19,0,2,160,D,6,D,12,D,,A,,A,,A,2,D,,A,02,D
20211,04512703,27,0,1,110,D,6,D,01,D,,A,,A,,A,1,D,,A,02,D
20211,04513123,22,0,1,110,D,2,D,01,D,,A,,A,,A,1,D,,A,01,D
20211,04514063,53,0,1,110,D,3,D,02,D,,A,,A,,A,2,D,,A,01,D
20211,04514063,54,0,1,200,D,3,D,01,D,,A,,A,,A,2,D,,A,08,D
20211,04545693,19,0,1,110,D,1,D,10,D,700,D,,A,,A,2,D,,A,02,D
20211,04546262,19,0,1,100,D,2,D,11,D,,A,,A,,A,2,D,,A,01,D
20211,04546692,31,0,1,110,D,6,D,10,D,,A,,A,,A,2,D,,A,01,D
20211,04546692,32,0,1,110,D,2,D,10,D,,A,,A,,A,2,D,,A,04,D
20211,04546992,17,0,1,110,D,6,D,10,D,,A,,A,,A,2,D,,A,01,D
20211,04547622,23,0,1,110,D,2,D,11,D,,A,,A,,A,2,D,,A,02,D
20211,04548472,17,0,1,110,D,1,D,12,D,1200,D,,A,,A,2,D,,A,01,D
20211,04548632,16,0,1,110,D,2,D,10,D,,A,,A,,A,2,D,,A,01,D
20211,04549092,21,0,1,100,D,1,D,11,D,500,D,,A,,A,2,D,,A,02,D
20211,04549952,42,0,1,100,D,6,D,11,D,,A,,A,,A,2,D,,A,03,D
20211,04551172,30,0,1,100,D,1,D,12,D,300,D,,A,,A,2,D,,A,01,D
20211,04551252,41,0,1,100,D,3,D,10,D,,A,,A,,A,2,D,,A,04,D
20211,04552992,52,0,1,110,D,1,D,10,D,10000,D,,A,,A,2,D,,A,09,D
20211,04553042,71,0,1,100,D,3,D,12,D,,A,,A,,A,2,D,,A,04,D
20211,04553462,22,0,1,110,D,1,D,11,D,650,F,,A,,A,2,D,,A,02,D
20211,04553612,39,0,1,100,D,1,D,10,D,8500,D,,A,,A,2,D,,A,04,D
20211,04554502,13,0,1,100,D,2,D,11,D,,A,,A,,A,2,D,,A,01,D
20211,04555542,29,0,1,100,D,1,D,10,D,8000,D,,A,,A,2,D,,A,05,D
20211,04555742,59,0,1,100,D,3,D,10,D,,A,,A,,A,2,D,,A,09,D
20211,04555742,60,0,1,100,D,3,D,10,D,,A,,A,,A,2,D,,A,10,D
20211,04556342,34,0,1,110,D,1,D,11,D,3000,D,,A,,A,1,D,2000,D,02,D
20211,04556942,18,0,1,110,D,3,D,12,D,,A,,A,,A,2,D,,A,02,D
20211,04558092,39,0,1,100,D,6,D,12,D,,A,,A,,A,2,D,,A,02,D
20211,04558132,30,0,1,110,D,6,D,01,D,,A,,A,,A,2,D,,A,01,D
20211,04558132,31,0,1,110,D,6,D,01,D,,A,,A,,A,2,D,,A,02,D
20211,04559412,34,0,1,110,D,3,D,01,D,,A,,A,,A,2,D,,A,03,D
20211,04560642,23,0,1,100,D,1,D,01,D,178,D,,A,,A,2,D,,A,01,D
20211,04560842,35,0,1,110,D,6,D,01,D,,A,,A,,A,2,D,,A,03,D
20211,04561222,30,0,1,110,D,1,D,01,D,900,D,,A,,A,2,D,,A,02,D
20211,04561402,36,0,1,100,D,1,D,01,D,1500,D,,A,,A,2,D,,A,03,D
20211,04561462,43,0,1,160,D,1,D,11,D,31250,V,,A,,A,2,D,,A,05,D
20211,04561522,59,0,1,100,D,3,D,12,D,,A,,A,,A,2,D,,A,02,D
20211,04561522,60,0,1,100,D,3,D,11,D,,A,,A,,A,2,D,,A,04,D
20211,04561562,26,0,1,100,D,6,D,12,D,,A,,A,,A,2,D,,A,02,D
20211,04562012,27,0,1,110,D,3,D,01,D,,A,,A,,A,2,D,,A,01,D
20211,04562602,38,0,1,110,D,1,D,12,D,500,D,,A,,A,2,D,,A,01,D
20211,04562602,39,0,1,160,D,3,D,12,D,,A,,A,,A,2,D,,A,05,D
20211,04562602,40,0,1,160,D,6,D,12,D,,A,,A,,A,2,D,,A,06,D
20211,04563202,7,0,1,110,D,1,D,01,D,10000,D,,A,,A,2,D,,A,01,D
20211,04563282,15,0,1,100,D,2,D,11,D,,A,,A,,A,2,D,,A,03,D
20211,04563442,43,0,1,100,D,2,D,12,D,,A,,A,,A,1,D,25000,D,01,D
20211,04564642,24,0,1,100,D,4,D,12,D,,A,,A,,A,2,D,,A,01,D
20211,04566472,17,0,1,100,D,3,D,11,D,,A,,A,,A,2,D,,A,02,D
20211,04566702,7,0,1,100,D,3,D,01,D,,A,,A,,A,2,D,,A,01,D
20211,04566822,42,0,1,100,D,2,D,11,D,,A,,A,,A,2,D,,A,05,D
20211,04567222,19,0,1,100,D,3,D,12,D,,A,,A,,A,2,D,,A,03,D
20211,04567242,43,0,1,110,D,2,D,12,D,,A,,A,,A,1,D,1800,D,01,D
20211,04570822,74,0,1,100,D,1,D,12,D,70,D,,A,,A,2,D,,A,03,D
20211,04572212,39,0,2,170,D,6,D,12,D,,A,,A,,A,2,D,,A,02,D
20211,04572392,24,0,1,100,D,3,D,01,D,,A,,A,,A,2,D,,A,01,D
20211,04572642,42,0,1,110,D,3,D,02,D,,A,,A,,A,2,D,,A,04,D
20211,04572782,12,0,1,100,D,2,D,01,D,,A,,A,,A,2,D,,A,01,D
20211,04573722,25,0,1,150,D,3,D,12,D,,A,,A,,A,2,D,,A,04,D
20211,04573972,23,0,1,100,D,4,D,01,D,,A,1800,D,,A,2,D,,A,01,D
20211,04574432,17,0,1,110,D,3,D,01,D,,A,,A,,A,2,D,,A,02,D
20211,04574822,20,0,1,110,D,2,D,12,D,,A,,A,,A,2,D,,A,02,D
20211,04575862,54,0,1,110,D,3,D,12,D,,A,,A,,A,2,D,,A,01,D
20211,04576072,35,0,1,110,D,4,D,01,D,,A,3500,D,,A,2,D,,A,02,D
20211,04576642,34,0,1,100,D,4,D,12,D,,A,419,D,,A,2,D,,A,01,D
20211,04576782,29,0,1,110,D,2,D,01,D,,A,,A,,A,2,D,,A,01,D
20211,04579382,39,0,1,100,D,6,D,02,D,,A,,A,,A,2,D,,A,04,D
20211,04611791,18,0,1,110,D,4,D,10,D,,A,,A,,A,2,D,,A,01,D
20211,04613961,15,0,1,110,D,6,D,12,D,,A,,A,,A,2,D,,A,02,D
20211,04614131,19,0,1,100,D,1,D,12,D,3000,D,,A,,A,2,D,,A,03,D
20211,04616941,51,0,1,110,D,1,D,10,D,1700,D,,A,,A,2,D,,A,03,D
20211,04618472,54,0,1,110,D,2,D,12,D,,A,,A,,A,2,D,,A,09,D
20211,04619011,13,0,1,150,D,1,D,12,D,11000,D,,A,,A,2,D,,A,02,D
20211,04619011,14,0,1,100,D,1,D,12,D,42500,D,,A,,A,2,D,,A,03,D
20211,04621171,27,0,1,100,D,1,D,11,D,12000,D,,A,,A,2,D,,A,05,D
20211,04652151,54,0,1,110,D,2,D,12,D,,A,,A,,A,1,D,16659,D,04,D
20211,04652881,33,0,1,100,D,3,D,01,D,,A,,A,,A,2,D,,A,09,D
20211,04653051,24,0,1,110,D,3,D,11,D,,A,,A,,A,2,D,,A,03,D
20211,04653151,28,0,1,110,D,1,D,01,D,800,D,,A,,A,2,D,,A,05,D
20211,04659251,46,0,1,110,D,1,D,01,D,17000,D,,A,,A,2,D,,A,03,D
20211,04661901,29,0,1,100,D,2,D,01,D,,A,,A,,A,2,D,,A,03,D
20211,04680081,36,0,1,110,D,3,D,12,D,,A,,A,,A,2,D,,A,03,D
20211,04684281,33,0,1,110,D,1,D,02,D,3500,F,,A,,A,2,D,,A,06,D
20211,04688031,38,0,1,110,D,1,D,02,D,6300,D,,A,,A,2,D,,A,03,D
20211,04689622,17,0,1,100,D,1,D,01,D,8500,F,,A,,A,2,D,,A,03,D
20211,04690031,25,0,1,150,D,1,D,02,D,14000,D,,A,,A,1,D,9000,D,02,D
