QYEAR,NEWID,SEQNO,ALCNO,REC_ORIG,NUMYUPD,NUMYUPD_,TOTYUPDX,TOTY_PDX,TOTYUPDY,TOTY_PDY
20202,04220234,45,0,1,2,D,,H,,A
20202,04220234,45,1,1,,A,56,E,100,D
20202,04220234,45,2,1,,A,20,E,110,D
20202,04220234,45,3,1,,A,43,E,210,D
20202,04220234,45,4,1,,A,81,E,220,D
20202,04220374,28,0,1,1,D,,H,,A
20202,04220374,28,1,1,,A,38,E,120,D
20202,04220374,28,2,1,,A,22,E,140,D
20202,04220374,28,3,1,,A,138,E,150,D
20202,04220374,28,4,1,,A,112,E,190,D
20202,04220374,28,5,1,,A,24,E,210,D
20202,04220374,28,6,1,,A,16,E,220,D
20202,04222364,26,0,1,1,D,,H,,A
20202,04222364,26,1,1,,A,110,E,100,D
20202,04222364,26,2,1,,A,10,E,110,D
20202,04223894,48,0,1,1,D,,H,,A
20202,04223894,48,1,1,,A,24,E,100,D
20202,04223894,48,2,1,,A,6,E,110,D
20202,04224434,17,0,1,1,D,,H,,A
20202,04224434,17,1,1,,A,25,E,100,D
20202,04224434,17,2,1,,A,2,E,110,D
20202,04224434,17,3,1,,A,73,E,130,D
20202,04226734,18,0,1,1,D,,H,,A
20202,04226734,18,1,1,,A,123,E,100,D
20202,04226734,18,2,1,,A,10,E,110,D
20202,04226734,18,3,1,,A,67,E,210,D
20202,04227154,12,0,1,1,D,,H,,A
20202,04227154,12,1,1,,A,165,E,100,D
20202,04227154,12,2,1,,A,35,E,110,D
20202,04228254,71,0,1,1,D,,H,,A
20202,04228254,71,1,1,,A,83,E,100,D
20202,04228254,71,2,1,,A,26,E,110,D
20202,04228254,71,3,1,,A,41,E,210,D
20202,04230714,27,0,1,1,D,,H,,A
20202,04230714,27,1,1,,A,137,E,100,D
20202,04230714,27,2,1,,A,30,E,110,D
20202,04230714,27,3,1,,A,18,E,210,D
20202,04230714,27,4,1,,A,15,E,220,D
20202,04237334,27,0,1,1,D,,H,,A
20202,04237334,27,1,1,,A,22,E,120,D
20202,04237334,27,2,1,,A,9,E,140,D
20202,04237334,27,3,1,,A,83,E,150,D
20202,04237334,27,4,1,,A,9,E,190,D
20202,04240274,33,0,1,2,D,,H,,A
20202,04240274,33,1,1,,A,111,E,100,D
20202,04240274,33,2,1,,A,53,E,110,D
20202,04240274,33,3,1,,A,23,E,120,D
20202,04240274,33,4,1,,A,112,E,130,D
20202,04240274,33,5,1,,A,310,E,150,D
20202,04240274,33,6,1,,A,91,E,190,D
20202,04241124,31,0,1,1,D,,H,,A
20202,04241124,31,1,1,,A,1693,E,100,D
20202,04241124,31,2,1,,A,555,E,110,D
20202,04241124,31,3,1,,A,344,E,120,D
20202,04241124,31,4,1,,A,2223,U,130,D
20202,04241124,31,5,1,,A,133,E,140,D
20202,04241124,31,6,1,,A,2767,E,150,D
20202,04241124,31,7,1,,A,27,E,170,D
20202,04241124,31,8,1,,A,1005,E,190,D
20202,04241944,13,0,1,1,D,,H,,A
20202,04241944,13,1,1,,A,67,E,100,D
20202,04241944,13,2,1,,A,14,E,110,D
20202,04241944,13,3,1,,A,16,E,120,D
20202,04241944,13,4,1,,A,3,E,140,D
20202,04241944,13,5,1,,A,66,E,150,D
20202,04241944,13,6,1,,A,34,E,190,D
20202,04243184,68,0,1,2,D,,H,,A
20202,04243184,68,1,1,,A,151,E,100,D
20202,04243184,68,2,1,,A,49,E,110,D
20202,04267823,41,0,1,1,D,,H,,A
20202,04267823,41,1,1,,A,104,E,100,D
20202,04267823,41,2,1,,A,34,E,110,D
20202,04267823,41,3,1,,A,21,E,120,D
20202,04267823,41,4,1,,A,149,E,130,D
20202,04267823,41,5,1,,A,8,E,140,D
20202,04267823,41,6,1,,A,170,E,150,D
20202,04267823,41,7,1,,A,1,E,170,D
20202,04267823,41,8,1,,A,61,E,190,D
20202,04267823,41,9,1,,A,52,E,210,D
20202,04269653,26,0,1,5,D,,H,,A
20202,04269653,26,1,1,,A,20,E,210,D
20202,04269653,26,2,1,,A,4,E,220,D
20202,04273333,32,0,1,1,D,,H,,A
20202,04273333,32,1,1,,A,5,E,100,D
20202,04273333,32,2,1,,A,5,E,110,D
20202,04273333,32,3,1,,A,2,E,120,D
20202,04273333,32,4,1,,A,29,E,150,D
20202,04273333,32,5,1,,A,5,E,180,D
20202,04273333,32,6,1,,A,4,E,190,D
20202,04274693,20,0,1,1,D,,H,,A
20202,04274693,20,1,1,,A,118,E,100,D
20202,04274693,20,2,1,,A,25,E,110,D
20202,04274693,20,3,1,,A,23,E,120,D
20202,04274693,20,4,1,,A,5,E,140,D
20202,04274693,20,5,1,,A,119,E,150,D
20202,04274693,20,6,1,,A,60,E,190,D
20202,04275193,30,0,1,1,D,,H,,A
20202,04275193,30,1,1,,A,193,E,100,D
20202,04275193,30,2,1,,A,40,E,110,D
20202,04275193,30,3,1,,A,26,E,210,D
20202,04275193,30,4,1,,A,21,E,220,D
20202,04276163,47,0,1,3,D,,H,,A
20202,04276163,47,1,1,,A,26,E,210,D
20202,04276163,47,2,1,,A,4,E,220,D
20202,04279633,34,0,1,1,D,,H,,A
20202,04279633,34,1,1,,A,46,E,210,D
20202,04279633,34,2,1,,A,9,E,220,D
20202,04280713,31,0,1,1,D,,H,,A
20202,04280713,31,1,1,,A,29,E,100,D
20202,04280713,31,2,1,,A,9,E,110,D
20202,04280713,31,3,1,,A,12,E,120,D
20202,04280713,31,4,1,,A,140,E,150,D
20202,04280713,31,5,1,,A,26,E,180,D
20202,04280713,31,6,1,,A,19,E,190,D
20202,04285433,47,0,1,2,D,,H,,A
20202,04285433,47,1,1,,A,194,E,100,D
20202,04285433,47,2,1,,A,62,E,110,D
20202,04285433,47,3,1,,A,38,E,120,D
20202,04285433,47,4,1,,A,267,E,130,D
20202,04285433,47,5,1,,A,14,E,140,D
20202,04285433,47,6,1,,A,310,E,150,D
20202,04285433,47,7,1,,A,3,E,170,D
20202,04285433,47,8,1,,A,112,E,190,D
20202,04288583,19,0,1,1,D,,H,,A
20202,04288583,19,1,1,,A,71,E,100,D
20202,04288583,19,2,1,,A,29,E,110,D
20202,04288583,19,3,1,,A,34,E,120,D
20202,04288583,19,4,1,,A,388,E,150,D
20202,04288583,19,5,1,,A,74,E,180,D
20202,04288583,19,6,1,,A,54,E,190,D
20202,04289303,21,0,1,1,D,,H,,A
20202,04289303,21,1,1,,A,82,E,100,D
20202,04289303,21,2,1,,A,18,E,110,D
20202,04292993,36,0,1,1,D,,H,,A
20202,04292993,36,1,1,,A,500,E,130,D
20202,04293923,39,0,1,1,D,,H,,A
20202,04293923,39,1,1,,A,36,E,100,D
20202,04293923,39,2,1,,A,13,E,110,D
20202,04293923,39,3,1,,A,17,E,120,D
20202,04293923,39,4,1,,A,74,E,130,D
20202,04293923,39,5,1,,A,196,E,150,D
20202,04293923,39,6,1,,A,37,E,180,D
20202,04293923,39,7,1,,A,27,E,190,D
20202,04296893,26,0,1,1,D,,H,,A
20202,04296893,26,1,1,,A,80,E,100,D
20202,04296893,26,2,1,,A,28,E,110,D
20202,04296893,26,3,1,,A,36,E,120,D
20202,04296893,26,4,1,,A,418,E,150,D
20202,04296893,26,5,1,,A,80,E,180,D
20202,04296893,26,6,1,,A,58,E,190,D
20202,04297833,47,0,1,1,D,,H,,A
20202,04297833,47,1,1,,A,653,E,100,D
20202,04297833,47,2,1,,A,328,E,110,D
20202,04297833,47,3,1,,A,1019,E,210,D
20202,04311042,34,0,1,2,D,,H,,A
20202,04311042,34,1,1,,A,4,E,210,D
20202,04311042,34,2,1,,A,3,E,220,D
20202,04312742,17,0,1,1,D,,H,,A
20202,04312742,17,1,1,,A,194,G,100,D
20202,04312742,17,2,1,,A,33,G,110,D
20202,04312742,17,3,1,,A,48,G,150,D
20202,04314142,53,0,1,5,D,,H,,A
20202,04314142,53,1,1,,A,45,E,100,D
20202,04314142,53,2,1,,A,15,E,110,D
20202,04315372,44,0,1,2,D,,H,,A
20202,04315372,44,1,1,,A,46,E,100,D
20202,04315372,44,2,1,,A,14,E,110,D
20202,04315432,67,0,1,3,D,,H,,A
20202,04315432,67,1,1,,A,14,E,210,D
20202,04315432,67,2,1,,A,16,E,220,D
20202,04315892,47,0,1,3,D,,H,,A
20202,04315892,47,1,1,,A,324,E,100,D
20202,04315892,47,2,1,,A,106,E,110,D
20202,04315892,47,3,1,,A,65,E,120,D
20202,04315892,47,4,1,,A,455,E,130,D
20202,04315892,47,5,1,,A,28,E,140,D
20202,04315892,47,6,1,,A,529,E,150,D
20202,04315892,47,7,1,,A,5,E,170,D
20202,04315892,47,8,1,,A,192,E,190,D
20202,04316484,33,0,1,1,D,,H,,A
20202,04316484,33,1,1,,A,73,E,100,D
20202,04316484,33,2,1,,A,15,E,110,D
20202,04316484,33,3,1,,A,110,E,210,D
20202,04316822,53,0,1,1,D,,H,,A
20202,04316822,53,1,1,,A,164,E,100,D
20202,04316822,53,2,1,,A,55,E,110,D
20202,04316822,53,3,1,,A,231,E,130,D
20202,04316892,43,0,1,2,D,,H,,A
20202,04316892,43,1,1,,A,109,E,100,D
20202,04316892,43,2,1,,A,37,E,110,D
20202,04316892,43,3,1,,A,54,E,210,D
20202,04318832,34,0,1,1,D,,H,,A
20202,04318832,34,1,1,,A,42,E,100,D
20202,04318832,34,2,1,,A,8,E,110,D
20202,04319602,60,0,1,3,D,,H,,A
20202,04319602,60,1,1,,A,218,E,100,D
20202,04319602,60,2,1,,A,73,E,110,D
20202,04319602,60,3,1,,A,109,E,210,D
20202,04320992,32,0,1,2,D,,H,,A
20202,04320992,32,1,1,,A,80,E,100,D
20202,04320992,32,2,1,,A,24,E,110,D
20202,04320992,32,3,1,,A,15,E,120,D
20202,04320992,32,4,1,,A,106,E,130,D
20202,04320992,32,5,1,,A,5,E,140,D
20202,04320992,32,6,1,,A,124,E,150,D
20202,04320992,32,7,1,,A,1,E,170,D
20202,04320992,32,8,1,,A,45,E,190,D
20202,04321672,49,0,1,1,D,,H,,A
20202,04321672,49,1,1,,A,99,E,100,D
20202,04321672,49,2,1,,A,51,E,110,D
20202,04323912,39,0,1,1,D,,H,,A
20202,04323912,39,1,1,,A,2,E,100,D
20202,04323912,39,2,1,,A,2,E,110,D
20202,04327642,39,0,1,1,D,,H,,A
20202,04327642,39,1,1,,A,217,E,100,D
20202,04327642,39,2,1,,A,70,E,110,D
20202,04327642,39,3,1,,A,303,E,130,D
20202,04344152,33,0,1,1,D,,H,,A
20202,04344152,33,1,1,,A,127,E,210,D
20202,04344152,33,2,1,,A,23,E,220,D
20202,04346382,24,0,1,1,D,,H,,A
20202,04346382,24,1,1,,A,40,E,100,D
20202,04346382,24,2,1,,A,8,E,110,D
20202,04346382,24,3,1,,A,10,E,120,D
20202,04346382,24,4,1,,A,44,E,130,D
20202,04346382,24,5,1,,A,6,E,140,D
20202,04346382,24,6,1,,A,63,E,150,D
20202,04346382,24,7,1,,A,29,E,190,D
20202,04346794,25,0,1,1,D,,H,,A
20202,04346794,25,1,1,,A,41,E,100,D
20202,04346794,25,2,1,,A,9,E,110,D
20202,04351292,50,0,1,1,D,,H,,A
20202,04351292,50,1,1,,A,10,E,100,D
20202,04351292,50,2,1,,A,2,E,110,D
20202,04351292,50,3,1,,A,2,E,120,D
20202,04351292,50,4,1,,A,9,E,150,D
20202,04351292,50,5,1,,A,7,E,190,D
20202,04381403,27,0,1,2,D,,H,,A
20202,04381403,27,1,1,,A,25,E,100,D
20202,04381403,27,2,1,,A,11,E,110,D
20202,04381403,27,3,1,,A,12,E,120,D
20202,04381403,27,4,1,,A,137,E,150,D
20202,04381403,27,5,1,,A,26,E,180,D
20202,04381403,27,6,1,,A,19,E,190,D
20202,04382191,38,0,1,1,D,,H,,A
20202,04382191,38,1,1,,A,42,E,100,D
20202,04382191,38,2,1,,A,24,E,110,D
20202,04382191,38,3,1,,A,9,E,120,D
20202,04382191,38,4,1,,A,44,E,130,D
20202,04382191,38,5,1,,A,121,E,150,D
20202,04382191,38,6,1,,A,35,E,190,D
20202,04382301,28,0,1,1,D,,H,,A
20202,04382301,28,1,1,,A,75,E,100,D
20202,04382301,28,2,1,,A,25,E,110,D
20202,04382651,25,0,1,2,D,,H,,A
20202,04382651,25,1,1,,A,68,E,100,D
20202,04382651,25,2,1,,A,22,E,110,D
20202,04384771,30,0,1,3,D,,H,,A
20202,04384771,30,1,1,,A,226,E,100,D
20202,04384771,30,2,1,,A,74,E,110,D
20202,04385463,21,0,1,2,D,,H,,A
20202,04385463,21,1,1,,A,5,E,100,D
20202,04385463,21,2,1,,A,2,E,110,D
20202,04385463,21,3,1,,A,2,E,120,D
20202,04385463,21,4,1,,A,32,E,150,D
20202,04385463,21,5,1,,A,5,E,180,D
20202,04385463,21,6,1,,A,4,E,190,D
20202,04385991,26,0,1,1,D,,H,,A
20202,04385991,26,1,1,,A,272,E,100,D
20202,04385991,26,2,1,,A,101,E,110,D
20202,04385991,26,3,1,,A,130,E,120,D
20202,04385991,26,4,1,,A,534,E,130,D
20202,04385991,26,5,1,,A,1475,E,150,D
20202,04385991,26,6,1,,A,283,E,180,D
20202,04385991,26,7,1,,A,205,E,190,D
20202,04386872,57,0,1,11,D,,H,,A
20202,04386872,57,1,1,,A,250,E,210,D
20202,04386872,57,2,1,,A,300,E,220,D
20202,04387701,21,0,1,1,D,,H,,A
20202,04387701,21,1,1,,A,110,E,100,D
20202,04387701,21,2,1,,A,36,E,110,D
20202,04387701,21,3,1,,A,154,E,130,D
20202,04388694,54,0,1,1,D,,H,,A
20202,04388694,54,1,1,,A,28,E,210,D
20202,04388694,54,2,1,,A,32,E,220,D
20202,04389003,32,0,1,1,D,,H,,A
20202,04389003,32,1,1,,A,226,E,100,D
20202,04389003,32,2,1,,A,74,E,110,D
20202,04392151,11,0,1,1,D,,H,,A
20202,04392151,11,1,1,,A,6,E,120,D
20202,04392151,11,2,1,,A,1,E,140,D
20202,04392151,11,3,1,,A,17,E,150,D
20202,04392151,11,4,1,,A,2,E,190,D
20202,04393951,20,0,1,1,D,,H,,A
20202,04393951,20,1,1,,A,54,E,100,D
20202,04393951,20,2,1,,A,10,E,110,D
20202,04393951,20,3,1,,A,13,E,120,D
20202,04393951,20,4,1,,A,7,E,140,D
20202,04393951,20,5,1,,A,78,E,150,D
20202,04393951,20,6,1,,A,38,E,190,D
20202,04394981,50,0,1,2,D,,H,,A
20202,04394981,50,1,1,,A,24,E,100,D
20202,04394981,50,2,1,,A,8,E,110,D
20202,04398951,13,0,1,1,D,,H,,A
20202,04398951,13,1,1,,A,25,E,100,D
20202,04398951,13,2,1,,A,6,E,110,D
20202,04398951,13,3,1,,A,39,E,210,D
20202,04400091,30,0,1,1,D,,H,,A
20202,04400091,30,1,1,,A,24,E,100,D
20202,04400091,30,2,1,,A,11,E,110,D
20202,04400194,40,0,1,2,D,,H,,A
20202,04400194,40,1,1,,A,9,E,100,D
20202,04400194,40,2,1,,A,3,E,110,D
20202,04400194,40,3,1,,A,4,E,120,D
20202,04400194,40,4,1,,A,17,E,130,D
20202,04400194,40,5,1,,A,52,E,150,D
20202,04400194,40,6,1,,A,9,E,180,D
20202,04400194,40,7,1,,A,6,E,190,D
20202,04401001,29,0,1,1,D,,H,,A
20202,04401001,29,1,1,,A,67,G,100,D
20202,04401001,29,2,1,,A,23,G,110,D
20202,04403031,750,0,1,2,D,,H,,A
20202,04403031,750,1,1,,A,76,E,100,D
20202,04403031,750,2,1,,A,24,E,110,D
20202,04403911,29,0,1,1,D,,H,,A
20202,04403911,29,1,1,,A,14,E,100,D
20202,04403911,29,2,1,,A,5,E,110,D
20202,04403911,29,3,1,,A,10,E,120,D
20202,04403911,29,4,1,,A,80,E,150,D
20202,04403911,29,5,1,,A,15,E,180,D
20202,04403911,29,6,1,,A,11,E,190,D
20202,04410661,17,0,1,1,D,,H,,A
20202,04410661,17,1,1,,A,37,E,100,D
20202,04410661,17,2,1,,A,17,E,110,D
20202,04410661,17,3,1,,A,7,E,120,D
20202,04410661,17,4,1,,A,100,E,150,D
20202,04410661,17,5,1,,A,29,E,190,D
20202,04415303,19,0,1,1,D,,H,,A
20202,04415303,19,1,1,,A,41,E,100,D
20202,04415303,19,2,1,,A,15,E,110,D
20202,04415303,19,3,1,,A,23,E,120,D
20202,04415303,19,4,1,,A,227,E,150,D
20202,04415303,19,5,1,,A,43,E,180,D
20202,04415303,19,6,1,,A,31,E,190,D
20202,04419071,23,0,1,1,D,,H,,A
20202,04419071,23,1,1,,A,53,E,100,D
20202,04419071,23,2,1,,A,10,E,110,D
20202,04419071,23,3,1,,A,7,E,210,D
20202,04419071,23,4,1,,A,5,E,220,D
20203,04267374,24,0,1,1,D,,H,,A
20203,04267374,24,1,1,,A,41,E,100,D
20203,04267374,24,2,1,,A,34,E,110,D
20203,04271804,69,0,1,1,D,,H,,A
20203,04271804,69,1,1,,A,164,E,100,D
20203,04271804,69,2,1,,A,136,E,110,D
20203,04274294,42,0,1,1,D,,H,,A
20203,04274294,42,1,1,,A,34,E,100,D
20203,04274294,42,2,1,,A,11,E,110,D
20203,04274294,42,3,1,,A,14,E,120,D
20203,04274294,42,4,1,,A,1,E,140,D
20203,04274694,25,0,1,1,D,,H,,A
20203,04274694,25,1,1,,A,33,E,100,D
20203,04274694,25,2,1,,A,27,E,110,D
20203,04275194,24,0,1,1,D,,H,,A
20203,04275194,24,1,1,,A,80,E,100,D
20203,04275194,24,2,1,,A,65,E,110,D
20203,04277934,39,0,1,3,D,,H,,A
20203,04277934,39,1,1,,A,15,E,100,D
20203,04277934,39,2,1,,A,4,E,110,D
20203,04277934,39,3,1,,A,52,E,130,D
20203,04279604,57,0,1,1,D,,H,,A
20203,04279604,57,1,1,,A,47,E,100,D
20203,04279604,57,2,1,,A,17,E,110,D
20203,04279604,57,3,1,,A,23,E,120,D
20203,04279604,57,4,1,,A,167,E,150,D
20203,04279604,57,5,1,,A,1,E,160,D
20203,04279604,57,6,1,,A,20,E,190,D
20203,04280804,27,0,1,1,D,,H,,A
20203,04280804,27,1,1,,A,370,E,100,D
20203,04280804,27,2,1,,A,145,E,110,D
20203,04280804,27,3,1,,A,109,E,120,D
20203,04280804,27,4,1,,A,632,E,150,D
20203,04280804,27,5,1,,A,44,E,210,D
20203,04281594,26,0,1,1,D,,H,,A
20203,04281594,26,1,1,,A,700,E,130,D
20203,04282604,27,0,1,1,D,,H,,A
20203,04282604,27,1,1,,A,101,E,100,D
20203,04282604,27,2,1,,A,81,E,110,D
20203,04282604,27,3,1,,A,52,E,120,D
20203,04282604,27,4,1,,A,142,E,130,D
20203,04282604,27,5,1,,A,9,E,140,D
20203,04282604,27,6,1,,A,115,E,150,D
20203,04282754,20,0,1,1,D,,H,,A
20203,04282754,20,1,1,,A,12,E,210,D
20203,04282754,20,2,1,,A,18,E,220,D
20203,04283054,26,0,1,1,D,,H,,A
20203,04283054,26,1,1,,A,31,E,100,D
20203,04283054,26,2,1,,A,11,E,110,D
20203,04283054,26,3,1,,A,8,E,120,D
20203,04283054,26,4,1,,A,50,E,150,D
20203,04287264,26,0,1,1,D,,H,,A
20203,04287264,26,1,1,,A,229,E,100,D
20203,04287264,26,2,1,,A,62,E,110,D
20203,04287264,26,3,1,,A,309,E,130,D
20203,04291724,29,0,1,1,D,,H,,A
20203,04291724,29,1,1,,A,175,E,100,D
20203,04291724,29,2,1,,A,69,E,110,D
20203,04291724,29,3,1,,A,54,E,120,D
20203,04291724,29,4,1,,A,302,E,150,D
20203,04296574,31,0,1,1,D,,H,,A
20203,04296574,31,1,1,,A,110,E,100,D
20203,04296574,31,2,1,,A,55,E,110,D
20203,04296894,35,0,1,1,D,,H,,A
20203,04296894,35,1,1,,A,98,E,100,D
20203,04296894,35,2,1,,A,33,E,110,D
20203,04296894,35,3,1,,A,369,E,130,D
20203,04310913,15,0,1,1,D,,H,,A
20203,04310913,15,1,1,,A,28,E,100,D
20203,04310913,15,2,1,,A,22,E,110,D
20203,04312253,35,0,1,1,D,,H,,A
20203,04312253,35,1,1,,A,79,E,100,D
20203,04312253,35,2,1,,A,21,E,110,D
20203,04316073,11,0,1,1,D,,H,,A
20203,04316073,11,1,1,,A,137,E,120,D
20203,04316073,11,2,1,,A,13,E,140,D
20203,04316233,34,0,1,2,D,,H,,A
20203,04316233,34,1,1,,A,182,E,100,D
20203,04316233,34,2,1,,A,50,E,110,D
20203,04316233,34,3,1,,A,93,E,120,D
20203,04316233,34,4,1,,A,247,E,130,D
20203,04316233,34,5,1,,A,1,E,140,D
20203,04316233,34,6,1,,A,637,E,150,D
20203,04316233,34,7,1,,A,6,E,160,D
20203,04316233,34,8,1,,A,79,E,190,D
20203,04316233,34,9,1,,A,50,E,210,D
20203,04316233,34,10,1,,A,155,E,220,D
20203,04316823,35,0,1,1,D,,H,,A
20203,04316823,35,1,1,,A,47,E,100,D
20203,04316823,35,2,1,,A,13,E,110,D
20203,04317953,42,0,1,1,D,,H,,A
20203,04317953,42,1,1,,A,365,E,120,D
20203,04317953,42,2,1,,A,35,E,140,D
20203,04319993,38,0,1,1,D,,H,,A
20203,04319993,38,1,1,,A,217,E,100,D
20203,04319993,38,2,1,,A,75,E,110,D
20203,04319993,38,3,1,,A,98,E,120,D
20203,04319993,38,4,1,,A,10,E,140,D
20203,04321293,28,0,1,1,D,,H,,A
20203,04321293,28,1,1,,A,229,E,120,D
20203,04321293,28,2,1,,A,21,E,140,D
20203,04324883,27,0,1,1,D,,H,,A
20203,04324883,27,1,1,,A,32,E,100,D
20203,04324883,27,2,1,,A,14,E,110,D
20203,04324883,27,3,1,,A,29,E,120,D
20203,04326783,24,0,1,2,D,,H,,A
20203,04326783,24,1,1,,A,88,E,100,D
20203,04326783,24,2,1,,A,30,E,110,D
20203,04326783,24,3,1,,A,42,E,120,D
20203,04326783,24,4,1,,A,336,E,130,D
20203,04326783,24,5,1,,A,4,E,140,D
20203,04327183,33,0,1,1,D,,H,,A
20203,04327183,33,1,1,,A,173,E,100,D
20203,04327183,33,2,1,,A,46,E,110,D
20203,04327183,33,3,1,,A,81,E,120,D
20203,04327183,33,4,1,,A,230,E,130,D
20203,04327183,33,5,1,,A,1,E,140,D
20203,04327183,33,6,1,,A,591,E,150,D
20203,04327183,33,7,1,,A,5,E,160,D
20203,04327183,33,8,1,,A,73,E,190,D
20203,04327543,47,0,1,1,D,,H,,A
20203,04327543,47,1,1,,A,85,E,100,D
20203,04327543,47,2,1,,A,38,E,110,D
20203,04327543,47,3,1,,A,77,E,120,D
20203,04327613,60,0,1,1,D,,H,,A
20203,04327613,60,1,1,,A,69,E,100,D
20203,04327613,60,2,1,,A,31,E,110,D
20203,04343243,29,0,1,1,D,,H,,A
20203,04343243,29,1,1,,A,251,E,100,D
20203,04343243,29,2,1,,A,65,E,110,D
20203,04343243,29,3,1,,A,218,E,120,D
20203,04343243,29,4,1,,A,866,E,150,D
20203,04345263,37,0,1,2,D,,H,,A
20203,04345263,37,1,1,,A,80,E,100,D
20203,04345263,37,2,1,,A,20,E,110,D
20203,04345263,37,3,1,,A,72,E,120,D
20203,04345263,37,4,1,,A,278,E,150,D
20203,04346803,40,0,1,1,D,,H,,A
20203,04346803,40,1,1,,A,149,E,100,D
20203,04346803,40,2,1,,A,51,E,110,D
20203,04348813,12,0,1,2,D,,H,,A
20203,04348813,12,1,1,,A,258,E,100,D
20203,04348813,12,2,1,,A,101,E,110,D
20203,04348813,12,3,1,,A,76,E,120,D
20203,04348813,12,4,1,,A,324,E,130,D
20203,04348813,12,5,1,,A,441,E,150,D
20203,04351083,40,0,1,1,D,,H,,A
20203,04351083,40,1,1,,A,98,E,100,D
20203,04351083,40,2,1,,A,33,E,110,D
20203,04351083,40,3,1,,A,21,E,210,D
20203,04351083,40,4,1,,A,48,E,220,D
20203,04379362,41,0,1,2,D,,H,,A
20203,04379362,41,1,1,,A,79,E,100,D
20203,04379362,41,2,1,,A,21,E,110,D
20203,04382032,28,0,1,1,D,,H,,A
20203,04382032,28,1,1,,A,105,E,100,D
20203,04382032,28,2,1,,A,46,E,110,D
20203,04382032,28,3,1,,A,299,E,130,D
20203,04382382,23,0,1,1,D,,H,,A
20203,04382382,23,1,1,,A,42,E,100,D
20203,04382382,23,2,1,,A,64,E,120,D
20203,04382382,23,3,1,,A,2,E,140,D
20203,04382382,23,4,1,,A,111,E,150,D
20203,04382382,23,5,1,,A,131,E,160,D
20203,04383362,11,0,1,1,D,,H,,A
20203,04383362,11,1,1,,A,196,E,100,D
20203,04383362,11,2,1,,A,163,E,110,D
20203,04383362,11,3,1,,A,105,E,120,D
20203,04383362,11,4,1,,A,285,E,130,D
20203,04383362,11,5,1,,A,21,E,140,D
20203,04383362,11,6,1,,A,230,E,150,D
20203,04384852,36,0,1,2,D,,H,,A
20203,04384852,36,1,1,,A,234,E,100,D
20203,04384852,36,2,1,,A,81,E,110,D
20203,04384852,36,3,1,,A,106,E,120,D
20203,04384852,36,4,1,,A,896,E,130,D
20203,04384852,36,5,1,,A,11,E,140,D
20203,04384852,36,6,1,,A,51,E,210,D
20203,04384852,36,7,1,,A,121,E,220,D
20203,04386873,91,0,1,2,D,,H,,A
20203,04386873,91,1,1,,A,9,E,210,D
20203,04386873,91,2,1,,A,26,E,220,D
20203,04390442,15,0,1,3,D,,H,,A
20203,04390442,15,1,1,,A,476,E,100,D
20203,04390442,15,2,1,,A,124,E,110,D
20203,04392232,33,0,1,1,D,,H,,A
20203,04392232,33,1,1,,A,862,E,100,D
20203,04392232,33,2,1,,A,301,E,110,D
20203,04392232,33,3,1,,A,394,E,120,D
20203,04392232,33,4,1,,A,43,E,140,D
20203,04392932,10,0,1,1,D,,H,,A
20203,04392932,10,1,1,,A,20,E,210,D
20203,04392932,10,2,1,,A,30,E,220,D
20203,04393572,22,0,1,1,D,,H,,A
20203,04393572,22,1,1,,A,68,E,100,D
20203,04393572,22,2,1,,A,57,E,110,D
20203,04393572,22,3,1,,A,39,E,120,D
20203,04393572,22,4,1,,A,6,E,140,D
20203,04393572,22,5,1,,A,80,E,150,D
20203,04394174,32,0,1,2,D,,H,,A
20203,04394174,32,1,1,,A,486,E,100,D
20203,04394174,32,2,1,,A,134,E,110,D
20203,04394174,32,3,1,,A,234,E,120,D
20203,04394174,32,4,1,,A,661,E,130,D
20203,04394174,32,5,1,,A,4,E,140,D
20203,04394174,32,6,1,,A,1699,E,150,D
20203,04394174,32,7,1,,A,16,E,160,D
20203,04394174,32,8,1,,A,212,E,190,D
20203,04394174,32,9,1,,A,135,E,210,D
20203,04394174,32,10,1,,A,419,E,220,D
20203,04394852,30,0,1,1,D,,H,,A
20203,04394852,30,1,1,,A,59,E,100,D
20203,04394852,30,2,1,,A,20,E,110,D
20203,04394852,30,3,1,,A,221,E,130,D
20203,04399082,32,0,1,3,D,,H,,A
20203,04399082,32,1,1,,A,226,E,100,D
20203,04399082,32,2,1,,A,58,E,110,D
20203,04399082,32,3,1,,A,196,E,120,D
20203,04399082,32,4,1,,A,780,E,150,D
20203,04399093,24,0,1,1,D,,H,,A
20203,04399093,24,1,1,,A,61,E,100,D
20203,04399093,24,2,1,,A,21,E,110,D
20203,04399093,24,3,1,,A,30,E,120,D
20203,04399093,24,4,1,,A,235,E,130,D
20203,04399093,24,5,1,,A,3,E,140,D
20203,04400092,49,0,1,2,D,,H,,A
20203,04400092,49,1,1,,A,42,E,100,D
20203,04400092,49,2,1,,A,18,E,110,D
20203,04403912,27,0,1,1,D,,H,,A
20203,04403912,27,1,1,,A,161,E,100,D
20203,04403912,27,2,1,,A,58,E,110,D
20203,04403912,27,3,1,,A,73,E,120,D
20203,04403912,27,4,1,,A,8,E,140,D
20203,04406462,40,0,1,2,D,,H,,A
20203,04406462,40,1,1,,A,269,E,100,D
20203,04406462,40,2,1,,A,69,E,110,D
20203,04406462,40,3,1,,A,232,E,120,D
20203,04406462,40,4,1,,A,930,E,150,D
20203,04407002,26,0,1,1,D,,H,,A
20203,04407002,26,1,1,,A,457,E,100,D
20203,04407002,26,2,1,,A,125,E,110,D
20203,04407002,26,3,1,,A,618,E,130,D
20203,04408412,25,0,1,1,D,,H,,A
20203,04408412,25,1,1,,A,314,E,100,D
20203,04408412,25,2,1,,A,86,E,110,D
20203,04410142,25,0,1,1,D,,H,,A
20203,04410142,25,1,1,,A,208,E,100,D
20203,04410142,25,2,1,,A,92,E,110,D
20203,04410262,43,0,1,3,D,,H,,A
20203,04410262,43,1,1,,A,256,E,100,D
20203,04410262,43,2,1,,A,101,E,110,D
20203,04410262,43,3,1,,A,78,E,120,D
20203,04410262,43,4,1,,A,324,E,130,D
20203,04410262,43,5,1,,A,441,E,150,D
20203,04410552,22,0,1,1,D,,H,,A
20203,04410552,22,1,1,,A,64,E,120,D
20203,04410552,22,2,1,,A,6,E,140,D
20203,04415002,7,0,1,1,D,,H,,A
20203,04415002,7,1,1,,A,669,G,100,D
20203,04415002,7,2,1,,A,298,G,110,D
20203,04415002,7,3,1,,A,595,G,120,D
20203,04415002,7,4,1,,A,2223,W,130,D
20203,04415152,63,0,1,1,D,,H,,A
20203,04415152,63,1,1,,A,7,E,210,D
20203,04415152,63,2,1,,A,23,E,220,D
20203,04418222,21,0,1,2,D,,H,,A
20203,04418222,21,1,1,,A,31,E,100,D
20203,04418222,21,2,1,,A,11,E,110,D
20203,04418222,21,3,1,,A,8,E,120,D
20203,04418222,21,4,1,,A,50,E,150,D
20203,04419694,29,0,1,1,D,,H,,A
20203,04419694,29,1,1,,A,149,E,100,D
20203,04419694,29,2,1,,A,59,E,110,D
20203,04419694,29,3,1,,A,44,E,120,D
20203,04419694,29,4,1,,A,191,E,130,D
20203,04419694,29,5,1,,A,257,E,150,D
20203,04422281,23,0,1,1,D,,H,,A
20203,04422281,23,1,1,,A,79,G,100,D
20203,04422281,23,2,1,,A,21,G,110,D
20203,04427231,24,0,1,1,D,,H,,A
20203,04427231,24,1,1,,A,48,E,100,D
20203,04427231,24,2,1,,A,22,E,110,D
20203,04428801,19,0,1,1,D,,H,,A
20203,04428801,19,1,1,,A,132,E,100,D
20203,04428801,19,2,1,,A,52,E,110,D
20203,04428801,19,3,1,,A,16,E,210,D
20203,04465201,13,0,1,1,D,,H,,A
20203,04465201,13,1,1,,A,55,E,100,D
20203,04465201,13,2,1,,A,45,E,110,D
20203,04469001,20,0,1,1,D,,H,,A
20203,04469001,20,1,1,,A,39,E,100,D
20203,04469001,20,2,1,,A,9,E,110,D
20203,04469001,20,3,1,,A,52,E,220,D
20203,04470291,15,0,1,1,D,,H,,A
20203,04470291,15,1,1,,A,51,E,100,D
20203,04470291,15,2,1,,A,41,E,110,D
20203,04470291,15,3,1,,A,26,E,120,D
20203,04470291,15,4,1,,A,4,E,140,D
20203,04470291,15,5,1,,A,58,E,150,D
20203,04470891,15,0,1,1,D,,H,,A
20203,04470891,15,1,1,,A,3,E,100,D
20203,04470891,15,2,1,,A,5,E,120,D
20203,04470891,15,3,1,,A,16,E,130,D
20203,04470891,15,4,1,,A,8,E,150,D
20203,04470891,15,5,1,,A,10,E,160,D
20203,04471361,15,0,1,1,D,,H,,A
20203,04471361,15,1,1,,A,58,E,100,D
20203,04471361,15,2,1,,A,23,E,110,D
20203,04471361,15,3,1,,A,19,E,120,D
20203,04471361,15,4,1,,A,100,E,150,D
20203,04471511,52,0,1,1,D,,H,,A
20203,04471511,52,1,1,,A,59,E,100,D
20203,04471511,52,2,1,,A,49,E,110,D
20203,04471511,52,3,1,,A,31,E,120,D
20203,04471511,52,4,1,,A,87,E,130,D
20203,04471511,52,5,1,,A,5,E,140,D
20203,04471511,52,6,1,,A,69,E,150,D
20203,04471831,33,0,1,2,D,,H,,A
20203,04471831,33,1,1,,A,616,E,100,D
20203,04471831,33,2,1,,A,215,E,110,D
20203,04471831,33,3,1,,A,283,E,120,D
20203,04471831,33,4,1,,A,2223,U,130,D
20203,04471831,33,5,1,,A,30,E,140,D
20203,04472061,28,0,1,3,D,,H,,A
20203,04472061,28,1,1,,A,140,E,130,D
20203,04472221,14,0,1,1,D,,H,,A
20203,04472221,14,1,1,,A,53,E,120,D
20203,04472221,14,2,1,,A,152,E,130,D
20203,04472221,14,3,1,,A,384,E,150,D
20203,04472221,14,4,1,,A,3,E,160,D
20203,04472221,14,5,1,,A,48,E,190,D
20203,04472671,41,0,1,1,D,,H,,A
20203,04472671,41,1,1,,A,34,E,100,D
20203,04472671,41,2,1,,A,16,E,110,D
20203,04503521,24,0,1,2,D,,H,,A
20203,04503521,24,1,1,,A,5,E,120,D
20203,04503521,24,2,1,,A,14,E,150,D
20203,04503521,24,3,1,,A,2,E,210,D
20203,04503521,24,4,1,,A,4,E,220,D
20203,04504101,21,0,1,1,D,,H,,A
20203,04504101,21,1,1,,A,6,E,100,D
20203,04504101,21,2,1,,A,7,E,120,D
20203,04504101,21,3,1,,A,12,E,150,D
20203,04504101,21,4,1,,A,15,E,160,D
20203,04505551,23,0,1,1,D,,H,,A
20203,04505551,23,1,1,,A,139,E,100,D
20203,04505551,23,2,1,,A,61,E,110,D
20203,04506461,22,0,1,1,D,,H,,A
20203,04506461,22,1,1,,A,70,E,100,D
20203,04506461,22,2,1,,A,30,E,110,D
20203,04506691,83,0,1,1,D,,H,,A
20203,04506691,83,1,1,,A,97,E,100,D
20203,04506691,83,2,1,,A,26,E,110,D
20203,04506691,83,3,1,,A,29,E,210,D
20203,04506691,83,4,1,,A,83,E,220,D
20203,04508921,32,0,1,1,D,,H,,A
20203,04508921,32,1,1,,A,97,E,100,D
20203,04508921,32,2,1,,A,26,E,110,D
20203,04508921,32,3,1,,A,46,E,120,D
20203,04508921,32,4,1,,A,138,E,130,D
20203,04508921,32,5,1,,A,339,E,150,D
20203,04508921,32,6,1,,A,3,E,160,D
20203,04508921,32,7,1,,A,42,E,190,D
20203,04508921,32,8,1,,A,27,E,210,D
20203,04508921,32,9,1,,A,82,E,220,D
20203,04509881,50,0,1,1,D,,H,,A
20203,04509881,50,1,1,,A,170,E,100,D
20203,04509881,50,2,1,,A,60,E,110,D
20203,04510561,18,0,1,5,D,,H,,A
20203,04510561,18,1,1,,A,80,G,100,D
20203,04510561,18,2,1,,A,23,G,110,D
20203,04510561,18,3,1,,A,69,G,120,D
20203,04510561,18,4,1,,A,278,G,150,D
20204,04310164,16,0,1,1,D,,H,,A
20204,04310164,16,1,1,,A,47,E,100,D
20204,04310164,16,2,1,,A,13,E,110,D
20204,04310264,19,0,1,1,D,,H,,A
20204,04310264,19,1,1,,A,700,E,130,D
20204,04310414,49,0,1,1,D,,H,,A
20204,04310414,49,1,1,,A,24,E,100,D
20204,04310414,49,2,1,,A,9,E,110,D
20204,04310414,49,3,1,,A,167,E,130,D
20204,04312254,44,0,1,8,D,,H,,A
20204,04312254,44,1,1,,A,158,E,100,D
20204,04312254,44,2,1,,A,65,E,110,D
20204,04312254,44,3,1,,A,64,E,120,D
20204,04312254,44,4,1,,A,2058,U,130,D
20204,04312254,44,5,1,,A,7,E,140,D
20204,04312254,44,6,1,,A,39,E,190,D
20204,04314924,11,0,1,2,D,,H,,A
20204,04314924,11,1,1,,A,256,E,120,D
20204,04314924,11,2,1,,A,14,E,140,D
20204,04315254,57,0,1,1,D,,H,,A
20204,04315254,57,1,1,,A,57,E,210,D
20204,04315254,57,2,1,,A,218,E,220,D
20204,04316234,41,0,1,6,D,,H,,A
20204,04316234,41,1,1,,A,62,E,100,D
20204,04316234,41,2,1,,A,24,E,110,D
20204,04316234,41,3,1,,A,24,E,120,D
20204,04316234,41,4,1,,A,434,E,130,D
20204,04316234,41,5,1,,A,2,E,140,D
20204,04316234,41,6,1,,A,14,E,190,D
20204,04319064,29,0,1,1,D,,H,,A
20204,04319064,29,1,1,,A,447,E,100,D
20204,04319064,29,2,1,,A,128,E,110,D
20204,04319214,61,0,1,1,D,,H,,A
20204,04319214,61,1,1,,A,9,E,100,D
20204,04319214,61,2,1,,A,3,E,110,D
20204,04319214,61,3,1,,A,1,E,210,D
20204,04319214,61,4,1,,A,7,E,220,D
20204,04320634,31,0,1,1,D,,H,,A
20204,04320634,31,1,1,,A,16,E,100,D
20204,04320634,31,2,1,,A,4,E,110,D
20204,04326784,30,0,1,3,D,,H,,A
20204,04326784,30,1,1,,A,965,E,100,D
20204,04326784,30,2,1,,A,633,E,110,D
20204,04326784,30,3,1,,A,491,E,120,D
20204,04326784,30,4,1,,A,117,E,140,D
20204,04326784,30,5,1,,A,1177,E,150,D
20204,04326784,30,6,1,,A,117,E,190,D
20204,04327644,53,0,1,1,D,,H,,A
20204,04327644,53,1,1,,A,377,E,100,D
20204,04327644,53,2,1,,A,158,E,110,D
20204,04327644,53,3,1,,A,154,E,120,D
20204,04327644,53,4,1,,A,18,E,140,D
20204,04327644,53,5,1,,A,93,E,190,D
20204,04330444,31,0,1,1,D,,H,,A
20204,04330444,31,1,1,,A,27,E,100,D
20204,04330444,31,2,1,,A,8,E,110,D
20204,04330444,31,3,1,,A,21,E,120,D
20204,04330444,31,4,1,,A,90,E,130,D
20204,04330444,31,5,1,,A,2,E,140,D
20204,04330444,31,6,1,,A,102,E,150,D
20204,04331304,39,0,1,2,D,,H,,A
20204,04331304,39,1,1,,A,167,E,100,D
20204,04331304,39,2,1,,A,67,E,110,D
20204,04331304,39,3,1,,A,67,E,120,D
20204,04331304,39,4,1,,A,8,E,140,D
20204,04331304,39,5,1,,A,41,E,190,D
20204,04343244,36,0,1,1,D,,H,,A
20204,04343244,36,1,1,,A,1202,E,100,D
20204,04343244,36,2,1,,A,79,E,110,D
20204,04343244,36,3,1,,A,680,E,120,D
20204,04343244,36,4,1,,A,39,E,140,D
20204,04343294,32,0,1,5,D,,H,,A
20204,04343294,32,1,1,,A,355,E,100,D
20204,04343294,32,2,1,,A,145,E,110,D
20204,04346394,41,0,1,1,D,,H,,A
20204,04346394,41,1,1,,A,56,E,100,D
20204,04346394,41,2,1,,A,23,E,110,D
20204,04346394,41,3,1,,A,26,E,120,D
20204,04346394,41,4,1,,A,410,E,130,D
20204,04346394,41,5,1,,A,2,E,140,D
20204,04346394,41,6,1,,A,13,E,190,D
20204,04346394,41,7,1,,A,14,E,210,D
20204,04346394,41,8,1,,A,56,E,220,D
20204,04378293,20,0,1,1,D,,H,,A
20204,04378293,20,1,1,,A,2,E,120,D
20204,04378293,20,2,1,,A,14,E,130,D
20204,04378293,20,3,1,,A,1,E,140,D
20204,04378293,20,4,1,,A,8,E,150,D
20204,04379363,63,0,1,3,D,,H,,A
20204,04379363,63,1,1,,A,25,E,100,D
20204,04379363,63,2,1,,A,10,E,110,D
20204,04382033,29,0,1,1,D,,H,,A
20204,04382033,29,1,1,,A,36,E,120,D
20204,04382033,29,2,1,,A,4,E,140,D
20204,04382033,29,3,1,,A,190,E,150,D
20204,04382633,31,0,1,1,D,,H,,A
20204,04382633,31,1,1,,A,13,E,210,D
20204,04382633,31,2,1,,A,7,E,220,D
20204,04382683,22,0,1,1,D,,H,,A
20204,04382683,22,1,1,,A,78,E,100,D
20204,04382683,22,2,1,,A,72,E,130,D
20204,04385004,17,0,1,1,D,,H,,A
20204,04385004,17,1,1,,A,32,E,100,D
20204,04385004,17,2,1,,A,8,E,110,D
20204,04385703,33,0,1,1,D,,H,,A
20204,04385703,33,1,1,,A,471,E,100,D
20204,04385703,33,2,1,,A,129,E,110,D
20204,04387053,65,0,1,1,D,,H,,A
20204,04387053,65,1,1,,A,91,E,100,D
20204,04387053,65,2,1,,A,59,E,110,D
20204,04389453,18,0,1,2,D,,H,,A
20204,04389453,18,1,1,,A,152,E,100,D
20204,04389453,18,2,1,,A,100,E,110,D
20204,04389453,18,3,1,,A,82,E,120,D
20204,04389453,18,4,1,,A,393,E,130,D
20204,04389453,18,5,1,,A,18,E,140,D
20204,04389453,18,6,1,,A,187,E,150,D
20204,04389453,18,7,1,,A,18,E,190,D
20204,04389563,15,0,1,1,D,,H,,A
20204,04389563,15,1,1,,A,86,E,100,D
20204,04389563,15,2,1,,A,24,E,110,D
20204,04389714,30,0,1,2,D,,H,,A
20204,04389714,30,1,1,,A,44,E,100,D
20204,04389714,30,2,1,,A,24,E,120,D
20204,04389714,30,3,1,,A,162,E,150,D
20204,04392673,38,0,1,1,D,,H,,A
20204,04392673,38,1,1,,A,96,E,100,D
20204,04392673,38,2,1,,A,62,E,110,D
20204,04392673,38,3,1,,A,86,E,210,D
20204,04392673,38,4,1,,A,31,E,220,D
20204,04393573,36,0,1,2,D,,H,,A
20204,04393573,36,1,1,,A,7,E,100,D
20204,04393573,36,2,1,,A,1,E,110,D
20204,04393573,36,3,1,,A,3,E,120,D
20204,04393573,36,4,1,,A,18,E,130,D
20204,04393573,36,5,1,,A,1,E,140,D
20204,04393573,36,6,1,,A,10,E,150,D
20204,04393993,50,0,1,1,D,,H,,A
20204,04393993,50,1,1,,A,85,E,100,D
20204,04393993,50,2,1,,A,17,E,110,D
20204,04393993,50,3,1,,A,37,E,120,D
20204,04393993,50,4,1,,A,20,E,140,D
20204,04393993,50,5,1,,A,112,E,150,D
20204,04393993,50,6,1,,A,69,E,210,D
20204,04394503,28,0,1,2,D,,H,,A
20204,04394503,28,1,1,,A,135,E,100,D
20204,04394503,28,2,1,,A,40,E,110,D
20204,04394503,28,3,1,,A,89,E,120,D
20204,04394503,28,4,1,,A,433,E,130,D
20204,04394503,28,5,1,,A,12,E,140,D
20204,04394503,28,6,1,,A,491,E,150,D
20204,04395203,34,0,1,1,D,,H,,A
20204,04395203,34,1,1,,A,88,E,100,D
20204,04395203,34,2,1,,A,26,E,110,D
20204,04395203,34,3,1,,A,59,E,120,D
20204,04395203,34,4,1,,A,292,E,130,D
20204,04395203,34,5,1,,A,8,E,140,D
20204,04395203,34,6,1,,A,327,E,150,D
20204,04397303,34,0,1,1,D,,H,,A
20204,04397303,34,1,1,,A,335,E,100,D
20204,04397303,34,2,1,,A,222,E,110,D
20204,04397303,34,3,1,,A,863,E,130,D
20204,04397423,22,0,1,1,D,,H,,A
20204,04397423,22,1,1,,A,38,E,120,D
20204,04397423,22,2,1,,A,9,E,140,D
20204,04397423,22,3,1,,A,92,E,150,D
20204,04397423,22,4,1,,A,11,E,190,D
20204,04399043,25,0,1,1,D,,H,,A
20204,04399043,25,1,1,,A,76,E,100,D
20204,04399043,25,2,1,,A,15,E,110,D
20204,04399043,25,3,1,,A,35,E,120,D
20204,04399043,25,4,1,,A,157,E,130,D
20204,04399043,25,5,1,,A,17,E,140,D
20204,04399043,25,6,1,,A,100,E,150,D
20204,04399083,29,0,1,3,D,,H,,A
20204,04399083,29,1,1,,A,604,E,120,D
20204,04399083,29,2,1,,A,36,E,140,D
20204,04399213,41,0,1,1,D,,H,,A
20204,04399213,41,1,1,,A,84,E,100,D
20204,04399213,41,2,1,,A,52,E,110,D
20204,04399213,41,3,1,,A,41,E,120,D
20204,04399213,41,4,1,,A,207,E,130,D
20204,04399213,41,5,1,,A,9,E,140,D
20204,04399213,41,6,1,,A,98,E,150,D
20204,04399213,41,7,1,,A,9,E,190,D
20204,04402093,28,0,1,1,D,,H,,A
20204,04402093,28,1,1,,A,200,E,100,D
20204,04402093,28,2,1,,A,42,E,110,D
20204,04402093,28,3,1,,A,84,E,120,D
20204,04402093,28,4,1,,A,47,E,140,D
20204,04402093,28,5,1,,A,265,E,150,D
20204,04402093,28,6,1,,A,162,E,210,D
20204,04403913,28,0,1,1,D,,H,,A
20204,04403913,28,1,1,,A,41,E,100,D
20204,04403913,28,2,1,,A,27,E,110,D
20204,04403913,28,3,1,,A,22,E,120,D
20204,04403913,28,4,1,,A,5,E,140,D
20204,04403913,28,5,1,,A,50,E,150,D
20204,04403913,28,6,1,,A,5,E,190,D
20204,04409373,23,0,1,1,D,,H,,A
20204,04409373,23,1,1,,A,355,E,100,D
20204,04409373,23,2,1,,A,145,E,110,D
20204,04410663,22,0,1,1,D,,H,,A
20204,04410663,22,1,1,,A,149,E,100,D
20204,04410663,22,2,1,,A,45,E,110,D
20204,04410663,22,3,1,,A,176,E,210,D
20204,04418223,18,0,1,1,D,,H,,A
20204,04418223,18,1,1,,A,34,E,100,D
20204,04418223,18,2,1,,A,19,E,120,D
20204,04418223,18,3,1,,A,127,E,150,D
20204,04418284,16,0,1,1,D,,H,,A
20204,04418284,16,1,1,,A,105,E,100,D
20204,04418284,16,2,1,,A,43,E,110,D
20204,04418284,16,3,1,,A,46,E,120,D
20204,04418284,16,4,1,,A,775,E,130,D
20204,04418284,16,5,1,,A,5,E,140,D
20204,04418284,16,6,1,,A,26,E,190,D
20204,04422032,21,0,1,1,D,,H,,A
20204,04422032,21,1,1,,A,126,E,210,D
20204,04422032,21,2,1,,A,74,E,220,D
20204,04423302,24,0,1,2,D,,H,,A
20204,04423302,24,1,1,,A,128,E,100,D
20204,04423302,24,2,1,,A,84,E,110,D
20204,04423302,24,3,1,,A,70,E,120,D
20204,04423302,24,4,1,,A,331,E,130,D
20204,04423302,24,5,1,,A,15,E,140,D
20204,04423302,24,6,1,,A,157,E,150,D
20204,04423302,24,7,1,,A,15,E,190,D
20204,04427532,29,0,1,1,D,,H,,A
20204,04427532,29,1,1,,A,23,E,100,D
20204,04427532,29,2,1,,A,8,E,110,D
20204,04427532,29,3,1,,A,8,E,120,D
20204,04427532,29,4,1,,A,150,E,130,D
20204,04427532,29,5,1,,A,1,E,140,D
20204,04427532,29,6,1,,A,5,E,190,D
20204,04427532,29,7,1,,A,5,E,210,D
20204,04427532,29,8,1,,A,20,E,220,D
20204,04428012,19,0,1,2,D,,H,,A
20204,04428012,19,1,1,,A,103,E,100,D
20204,04428012,19,2,1,,A,34,E,110,D
20204,04428012,19,3,1,,A,70,E,120,D
20204,04428012,19,4,1,,A,9,E,140,D
20204,04428012,19,5,1,,A,384,E,150,D
20204,04429812,39,0,1,1,D,,H,,A
20204,04429812,39,1,1,,A,129,E,100,D
20204,04429812,39,2,1,,A,71,E,120,D
20204,04429812,39,3,1,,A,119,E,130,D
20204,04429812,39,4,1,,A,481,E,150,D
20204,04464022,20,0,1,1,D,,H,,A
20204,04464022,20,1,1,,A,139,E,100,D
20204,04464022,20,2,1,,A,56,E,110,D
20204,04464022,20,3,1,,A,55,E,120,D
20204,04464022,20,4,1,,A,6,E,140,D
20204,04464022,20,5,1,,A,34,E,190,D
20204,04464052,23,0,1,1,D,,H,,A
20204,04464052,23,1,1,,A,29,E,100,D
20204,04464052,23,2,1,,A,1,E,110,D
20204,04468072,17,0,1,2,D,,H,,A
20204,04468072,17,1,1,,A,121,E,100,D
20204,04468072,17,2,1,,A,35,E,110,D
20204,04468072,17,3,1,,A,89,E,120,D
20204,04468072,17,4,1,,A,32,E,140,D
20204,04468072,17,5,1,,A,23,E,190,D
20204,04469772,19,0,1,1,D,,H,,A
20204,04469772,19,1,1,,A,47,E,100,D
20204,04469772,19,2,1,,A,9,E,110,D
20204,04469772,19,3,1,,A,21,E,120,D
20204,04469772,19,4,1,,A,11,E,140,D
20204,04469772,19,5,1,,A,62,E,150,D
20204,04472062,30,0,1,1,D,,H,,A
20204,04472062,30,1,1,,A,60,E,100,D
20204,04472062,30,2,1,,A,38,E,110,D
20204,04472062,30,3,1,,A,152,E,130,D
20204,04472412,26,0,1,1,D,,H,,A
20204,04472412,26,1,1,,A,327,E,100,D
20204,04472412,26,2,1,,A,68,E,110,D
20204,04472412,26,3,1,,A,674,E,130,D
20204,04504232,12,0,1,1,D,,H,,A
20204,04504232,12,1,1,,A,75,E,100,D
20204,04504232,12,2,1,,A,5,E,110,D
20204,04504232,12,3,1,,A,42,E,120,D
20204,04504232,12,4,1,,A,128,E,130,D
20204,04504232,12,5,1,,A,2,E,140,D
20204,04504232,12,6,1,,A,23,E,210,D
20204,04504232,12,7,1,,A,25,E,220,D
20204,04507352,26,0,1,1,D,,H,,A
20204,04507352,26,1,1,,A,92,E,100,D
20204,04507352,26,2,1,,A,26,E,110,D
20204,04507352,26,3,1,,A,59,E,120,D
20204,04507352,26,4,1,,A,288,E,130,D
20204,04507352,26,5,1,,A,8,E,140,D
20204,04507352,26,6,1,,A,327,E,150,D
20204,04508952,24,0,1,1,D,,H,,A
20204,04508952,24,1,1,,A,236,E,100,D
20204,04508952,24,2,1,,A,64,E,110,D
20204,04509652,38,0,1,2,D,,H,,A
20204,04509652,38,1,1,,A,153,E,100,D
20204,04509652,38,2,1,,A,9,E,110,D
20204,04509652,38,3,1,,A,84,E,120,D
20204,04509652,38,4,1,,A,4,E,140,D
20204,04510882,25,0,1,1,D,,H,,A
20204,04510882,25,1,1,,A,47,E,100,D
20204,04510882,25,2,1,,A,9,E,110,D
20204,04510882,25,3,1,,A,21,E,120,D
20204,04510882,25,4,1,,A,11,E,140,D
20204,04510882,25,5,1,,A,62,E,150,D
20204,04544201,16,0,1,2,D,,H,,A
20204,04544201,16,1,1,,A,160,E,100,D
20204,04544201,16,2,1,,A,105,E,110,D
20204,04544201,16,3,1,,A,86,E,120,D
20204,04544201,16,4,1,,A,414,E,130,D
20204,04544201,16,5,1,,A,19,E,140,D
20204,04544201,16,6,1,,A,197,E,150,D
20204,04544201,16,7,1,,A,19,E,190,D
20204,04545181,40,0,1,1,D,,H,,A
20204,04545181,40,1,1,,A,317,E,100,D
20204,04545181,40,2,1,,A,133,E,110,D
20204,04545181,40,3,1,,A,129,E,120,D
20204,04545181,40,4,1,,A,2058,U,130,D
20204,04545181,40,5,1,,A,15,E,140,D
20204,04545181,40,6,1,,A,79,E,190,D
20204,04545721,12,0,1,1,D,,H,,A
20204,04545721,12,1,1,,A,121,E,100,D
20204,04545721,12,2,1,,A,35,E,110,D
20204,04545721,12,3,1,,A,89,E,120,D
20204,04545721,12,4,1,,A,32,E,140,D
20204,04545721,12,5,1,,A,23,E,190,D
20204,04546791,45,0,1,1,D,,H,,A
20204,04546791,45,1,1,,A,42,E,100,D
20204,04546791,45,2,1,,A,17,E,110,D
20204,04546791,45,3,1,,A,17,E,120,D
20204,04546791,45,4,1,,A,309,E,130,D
20204,04546791,45,5,1,,A,2,E,140,D
20204,04546791,45,6,1,,A,10,E,190,D
20204,04546791,45,7,1,,A,11,E,210,D
20204,04546791,45,8,1,,A,42,E,220,D
20204,04551921,42,0,1,1,D,,H,,A
20204,04551921,42,1,1,,A,236,E,100,D
20204,04551921,42,2,1,,A,96,E,110,D
20204,04551921,42,3,1,,A,96,E,120,D
20204,04551921,42,4,1,,A,14,E,140,D
20204,04551921,42,5,1,,A,58,E,190,D
20204,04552921,17,0,1,1,D,,H,,A
20204,04552921,17,1,1,,A,302,E,100,D
20204,04552921,17,2,1,,A,167,E,120,D
20204,04552921,17,3,1,,A,277,E,130,D
20204,04552921,17,4,1,,A,1129,E,150,D
20204,04552921,17,5,1,,A,125,E,210,D
20204,04554181,24,0,1,1,D,,H,,A
20204,04554181,24,1,1,,A,34,E,100,D
20204,04554181,24,2,1,,A,13,E,110,D
20204,04554181,24,3,1,,A,23,E,120,D
20204,04554181,24,4,1,,A,111,E,130,D
20204,04554181,24,5,1,,A,3,E,140,D
20204,04554181,24,6,1,,A,126,E,150,D
20204,04555521,16,0,1,1,D,,H,,A
20204,04555521,16,1,1,,A,31,E,100,D
20204,04555521,16,2,1,,A,6,E,110,D
20204,04555521,16,3,1,,A,15,E,120,D
20204,04555521,16,4,1,,A,7,E,140,D
20204,04555521,16,5,1,,A,41,E,150,D
20204,04558491,24,0,1,1,D,,H,,A
20204,04558491,24,1,1,,A,116,E,100,D
20204,04558491,24,2,1,,A,74,E,110,D
20204,04558491,24,3,1,,A,57,E,120,D
20204,04558491,24,4,1,,A,290,E,130,D
20204,04558491,24,5,1,,A,13,E,140,D
20204,04558491,24,6,1,,A,137,E,150,D
20204,04558491,24,7,1,,A,13,E,190,D
20204,04560041,17,0,1,1,D,,H,,A
20204,04560041,17,1,1,,A,117,E,100,D
20204,04560041,17,2,1,,A,33,E,110,D
20204,04560361,21,0,1,3,D,,H,,A
20204,04560361,21,1,1,,A,179,E,100,D
20204,04560361,21,2,1,,A,72,E,110,D
20204,04560361,21,3,1,,A,72,E,120,D
20204,04560361,21,4,1,,A,8,E,140,D
20204,04560361,21,5,1,,A,44,E,190,D
20204,04561321,21,0,1,1,D,,H,,A
20204,04561321,21,1,1,,A,345,E,100,D
20204,04561321,21,2,1,,A,105,E,110,D
20204,04561551,7,0,1,1,D,,H,,A
20204,04561551,7,1,1,,A,22,E,100,D
20204,04561551,7,2,1,,A,5,E,110,D
20204,04561551,7,3,1,,A,13,E,120,D
20204,04561551,7,4,1,,A,5,E,140,D
20204,04561551,7,5,1,,A,3,E,190,D
20204,04562561,48,0,1,1,D,,H,,A
20204,04562561,48,1,1,,A,77,E,100,D
20204,04562561,48,2,1,,A,30,E,110,D
20204,04562561,48,3,1,,A,19,E,210,D
20204,04562561,48,4,1,,A,74,E,220,D
20204,04563041,22,0,1,1,D,,H,,A
20204,04563041,22,1,1,,A,14,E,210,D
20204,04563041,22,2,1,,A,7,E,220,D
20204,04566371,18,0,1,1,D,,H,,A
20204,04566371,18,1,1,,A,14,E,100,D
20204,04566371,18,2,1,,A,3,E,110,D
20204,04566371,18,3,1,,A,8,E,120,D
20204,04566371,18,4,1,,A,3,E,140,D
20204,04566371,18,5,1,,A,2,E,190,D
20204,04567481,16,0,1,1,D,,H,,A
20204,04567481,16,1,1,,A,975,E,100,D
20204,04567481,16,2,1,,A,281,E,110,D
20204,04567481,16,3,1,,A,699,E,120,D
20204,04567481,16,4,1,,A,258,E,140,D
20204,04567481,16,5,1,,A,187,E,190,D
20204,04567671,19,0,1,1,D,,H,,A
20204,04567671,19,1,1,,A,60,E,100,D
20204,04567671,19,2,1,,A,35,E,120,D
20204,04567671,19,3,1,,A,225,E,150,D
20204,04568141,15,0,1,3,D,,H,,A
20204,04568141,15,1,1,,A,32,E,100,D
20204,04568141,15,2,1,,A,9,E,110,D
20204,04568141,15,3,1,,A,25,E,120,D
20204,04568141,15,4,1,,A,8,E,140,D
20204,04568141,15,5,1,,A,6,E,190,D
20204,04571721,91,0,1,2,D,,H,,A
20204,04571721,91,1,1,,A,94,E,100,D
20204,04571721,91,2,1,,A,41,E,110,D
20204,04571721,91,3,1,,A,38,E,120,D
20204,04571721,91,4,1,,A,4,E,140,D
20204,04571721,91,5,1,,A,23,E,190,D
20204,04573161,9,0,1,1,D,,H,,A
20204,04573161,9,1,1,,A,79,E,100,D
20204,04573161,9,2,1,,A,21,E,110,D
20204,04573191,25,0,1,1,D,,H,,A
20204,04573191,25,1,1,,A,287,E,100,D
20204,04573191,25,2,1,,A,82,E,110,D
20204,04573191,25,3,1,,A,202,E,120,D
20204,04573191,25,4,1,,A,75,E,140,D
20204,04573191,25,5,1,,A,54,E,190,D
20204,04573971,16,0,1,1,D,,H,,A
20204,04573971,16,1,1,,A,161,E,100,D
20204,04573971,16,2,1,,A,89,E,120,D
20204,04573971,16,3,1,,A,149,E,130,D
20204,04573971,16,4,1,,A,601,E,150,D
20204,04574861,11,0,1,3,D,,H,,A
20204,04574861,11,1,1,,A,151,E,100,D
20204,04574861,11,2,1,,A,60,E,110,D
20204,04574861,11,3,1,,A,60,E,120,D
20204,04574861,11,4,1,,A,2058,U,130,D
20204,04574861,11,5,1,,A,7,E,140,D
20204,04574861,11,6,1,,A,36,E,190,D
20204,04574911,27,0,1,1,D,,H,,A
20204,04574911,27,1,1,,A,730,E,100,D
20204,04574911,27,2,1,,A,300,E,110,D
20204,04574911,27,3,1,,A,300,E,120,D
20204,04574911,27,4,1,,A,2058,U,130,D
20204,04574911,27,5,1,,A,36,E,140,D
20204,04574911,27,6,1,,A,181,E,190,D
20204,04578211,17,0,1,1,D,,H,,A
20204,04578211,17,1,1,,A,118,E,100,D
20204,04578211,17,2,1,,A,32,E,110,D
20204,04578371,34,0,1,4,D,,H,,A
20204,04578371,34,1,1,,A,1126,E,100,D
20204,04578371,34,2,1,,A,74,E,110,D
20204,04578871,27,0,1,2,D,,H,,A
20204,04578871,27,1,1,,A,118,E,100,D
20204,04578871,27,2,1,,A,50,E,110,D
20204,04578871,27,3,1,,A,48,E,120,D
20204,04578871,27,4,1,,A,5,E,140,D
20204,04578871,27,5,1,,A,29,E,190,D
20211,04378874,46,0,1,1,D,,H,,A
20211,04378874,46,1,1,,A,2,E,120,D
20211,04378874,46,2,1,,A,44,E,150,D
20211,04378874,46,3,1,,A,4,E,190,D
20211,04379644,53,0,1,1,D,,H,,A
20211,04379644,53,1,1,,A,240,E,100,D
20211,04379644,53,2,1,,A,62,E,110,D
20211,04379644,53,3,1,,A,259,E,120,D
20211,04379644,53,4,1,,A,38,E,140,D
20211,04379644,53,5,1,,A,114,E,190,D
20211,04379644,53,6,1,,A,47,E,210,D
20211,04382684,23,0,1,1,D,,H,,A
20211,04382684,23,1,1,,A,3,E,120,D
20211,04382684,23,2,1,,A,32,E,150,D
20211,04384114,27,0,1,1,D,,H,,A
20211,04384114,27,1,1,,A,170,E,100,D
20211,04384114,27,2,1,,A,130,E,110,D
20211,04384854,42,0,1,1,D,,H,,A
20211,04384854,42,1,1,,A,266,E,100,D
20211,04384854,42,2,1,,A,71,E,110,D
20211,04384854,42,3,1,,A,133,E,120,D
20211,04384854,42,4,1,,A,5,E,140,D
20211,04384854,42,5,1,,A,749,E,150,D
20211,04384854,42,6,1,,A,276,E,190,D
20211,04388854,31,0,1,1,D,,H,,A
20211,04388854,31,1,1,,A,266,E,100,D
20211,04388854,31,2,1,,A,70,E,110,D
20211,04388854,31,3,1,,A,294,E,120,D
20211,04388854,31,4,1,,A,42,E,140,D
20211,04388854,31,5,1,,A,128,E,190,D
20211,04392414,54,0,1,1,D,,H,,A
20211,04392414,54,1,1,,A,245,E,100,D
20211,04392414,54,2,1,,A,62,E,110,D
20211,04392414,54,3,1,,A,123,E,120,D
20211,04392414,54,4,1,,A,622,E,130,D
20211,04392414,54,5,1,,A,4,E,140,D
20211,04392414,54,6,1,,A,690,E,150,D
20211,04392414,54,7,1,,A,254,E,190,D
20211,04394094,19,0,1,1,D,,H,,A
20211,04394094,19,1,1,,A,73,G,100,D
20211,04394094,19,2,1,,A,18,G,110,D
20211,04394094,19,3,1,,A,37,G,120,D
20211,04394094,19,4,1,,A,185,G,130,D
20211,04394094,19,5,1,,A,1,G,140,D
20211,04394094,19,6,1,,A,210,G,150,D
20211,04394094,19,7,1,,A,76,G,190,D
20211,04394924,17,0,1,1,D,,H,,A
20211,04394924,17,1,1,,A,428,E,100,D
20211,04394924,17,2,1,,A,114,E,110,D
20211,04394924,17,3,1,,A,215,E,120,D
20211,04394924,17,4,1,,A,2058,U,130,D
20211,04394924,17,5,1,,A,8,E,140,D
20211,04394924,17,6,1,,A,1205,E,150,D
20211,04394924,17,7,1,,A,443,E,190,D
20211,04394924,17,8,1,,A,19,E,210,D
20211,04394924,17,9,1,,A,339,E,220,D
20211,04400094,48,0,1,3,D,,H,,A
20211,04400094,48,1,1,,A,177,E,100,D
20211,04400094,48,2,1,,A,49,E,110,D
20211,04400094,48,3,1,,A,193,E,120,D
20211,04400094,48,4,1,,A,218,E,130,D
20211,04400094,48,5,1,,A,28,E,140,D
20211,04400094,48,6,1,,A,85,E,190,D
20211,04402394,48,0,1,1,D,,H,,A
20211,04402394,48,1,1,,A,159,E,100,D
20211,04402394,48,2,1,,A,41,E,110,D
20211,04403914,27,0,1,2,D,,H,,A
20211,04403914,27,1,1,,A,16,E,100,D
20211,04403914,27,2,1,,A,15,E,110,D
20211,04403914,27,3,1,,A,15,E,120,D
20211,04403914,27,4,1,,A,2,E,140,D
20211,04403914,27,5,1,,A,256,E,150,D
20211,04403914,27,6,1,,A,1,E,160,D
20211,04403914,27,7,1,,A,15,E,190,D
20211,04407334,37,0,1,2,D,,H,,A
20211,04407334,37,1,1,,A,172,E,100,D
20211,04407334,37,2,1,,A,128,E,110,D
20211,04408974,33,0,1,10,D,,H,,A
20211,04408974,33,1,1,,A,129,E,100,D
20211,04408974,33,2,1,,A,97,E,110,D
20211,04408974,33,3,1,,A,117,E,120,D
20211,04408974,33,4,1,,A,19,E,140,D
20211,04408974,33,5,1,,A,1979,E,150,D
20211,04408974,33,6,1,,A,9,E,160,D
20211,04408974,33,7,1,,A,120,E,190,D
20211,04408974,33,8,1,,A,30,E,210,D
20211,04418224,19,0,1,1,D,,H,,A
20211,04418224,19,1,1,,A,115,E,100,D
20211,04418224,19,2,1,,A,69,E,110,D
20211,04418224,19,3,1,,A,66,E,120,D
20211,04418224,19,4,1,,A,269,E,130,D
20211,04418224,19,5,1,,A,11,E,140,D
20211,04418224,19,6,1,,A,345,E,150,D
20211,04418224,19,7,1,,A,26,E,160,D
20211,04418224,19,8,1,,A,59,E,190,D
20211,04418784,12,0,1,1,D,,H,,A
20211,04418784,12,1,1,,A,10,E,100,D
20211,04418784,12,2,1,,A,19,E,120,D
20211,04418784,12,3,1,,A,58,E,130,D
20211,04418784,12,4,1,,A,208,E,150,D
20211,04418784,12,5,1,,A,5,E,190,D
20211,04418834,57,0,1,1,D,,H,,A
20211,04418834,57,1,1,,A,76,E,100,D
20211,04418834,57,2,1,,A,18,E,110,D
20211,04418834,57,3,1,,A,37,E,120,D
20211,04418834,57,4,1,,A,185,E,130,D
20211,04418834,57,5,1,,A,1,E,140,D
20211,04418834,57,6,1,,A,207,E,150,D
20211,04418834,57,7,1,,A,76,E,190,D
20211,04418904,21,0,1,1,D,,H,,A
20211,04418904,21,1,1,,A,337,E,100,D
20211,04418904,21,2,1,,A,198,E,110,D
20211,04418904,21,3,1,,A,178,E,120,D
20211,04418904,21,4,1,,A,32,E,140,D
20211,04418904,21,5,1,,A,993,E,150,D
20211,04418904,21,6,1,,A,75,E,160,D
20211,04418904,21,7,1,,A,169,E,190,D
20211,04418904,21,8,1,,A,18,E,210,D
20211,04421573,47,0,1,1,D,,H,,A
20211,04421573,47,1,1,,A,122,E,100,D
20211,04421573,47,2,1,,A,70,E,110,D
20211,04421573,47,3,1,,A,62,E,120,D
20211,04421573,47,4,1,,A,11,E,140,D
20211,04421573,47,5,1,,A,350,E,150,D
20211,04421573,47,6,1,,A,26,E,160,D
20211,04421573,47,7,1,,A,59,E,190,D
20211,04423453,26,0,1,1,D,,H,,A
20211,04423453,26,1,1,,A,342,E,100,D
20211,04423453,26,2,1,,A,90,E,110,D
20211,04423453,26,3,1,,A,68,E,210,D
20211,04423993,15,0,1,1,D,,H,,A
20211,04423993,15,1,1,,A,17,E,100,D
20211,04423993,15,2,1,,A,13,E,110,D
20211,04428013,27,0,1,1,D,,H,,A
20211,04428013,27,1,1,,A,19,E,100,D
20211,04428013,27,2,1,,A,14,E,110,D
20211,04428013,27,3,1,,A,17,E,120,D
20211,04428013,27,4,1,,A,2,E,140,D
20211,04428013,27,5,1,,A,304,E,150,D
20211,04428013,27,6,1,,A,1,E,160,D
20211,04428013,27,7,1,,A,18,E,190,D
20211,04430613,15,0,1,1,D,,H,,A
20211,04430613,15,1,1,,A,226,E,100,D
20211,04430613,15,2,1,,A,174,E,110,D
20211,04462383,55,0,1,1,D,,H,,A
20211,04462383,55,1,1,,A,64,E,100,D
20211,04462383,55,2,1,,A,16,E,110,D
20211,04503963,16,0,1,1,D,,H,,A
20211,04503963,16,1,1,,A,31,E,120,D
20211,04503963,16,2,1,,A,753,E,150,D
20211,04503963,16,3,1,,A,16,E,160,D
20211,04506913,56,0,1,1,D,,H,,A
20211,04506913,56,1,1,,A,40,E,100,D
20211,04506913,56,2,1,,A,10,E,110,D
20211,04508263,45,0,1,1,D,,H,,A
20211,04508263,45,1,1,,A,2,E,120,D
20211,04508263,45,2,1,,A,27,E,150,D
20211,04508263,45,3,1,,A,1,E,190,D
20211,04509893,13,0,1,1,D,,H,,A
20211,04509893,13,1,1,,A,5,E,100,D
20211,04512203,35,0,1,1,D,,H,,A
20211,04512203,35,1,1,,A,11,E,100,D
20211,04512203,35,2,1,,A,2,E,110,D
20211,04512203,35,3,1,,A,3,E,120,D
20211,04512203,35,4,1,,A,83,E,150,D
20211,04512203,35,5,1,,A,1,E,160,D
20211,04545402,38,0,1,1,D,,H,,A
20211,04545402,38,1,1,,A,2,G,110,D
20211,04545402,38,2,1,,A,1,G,130,D
20211,04545402,38,3,1,,A,4,G,150,D
20211,04549082,8,0,1,1,D,,H,,A
20211,04549082,8,1,1,,A,12,E,100,D
20211,04549082,8,2,1,,A,13,E,110,D
20211,04549082,8,3,1,,A,11,E,120,D
20211,04549082,8,4,1,,A,13,E,130,D
20211,04549082,8,5,1,,A,1,E,140,D
20211,04549082,8,6,1,,A,189,E,150,D
20211,04549082,8,7,1,,A,11,E,190,D
20211,04551252,42,0,1,1,D,,H,,A
20211,04551252,42,1,1,,A,62,E,100,D
20211,04551252,42,2,1,,A,15,E,110,D
20211,04551252,42,3,1,,A,31,E,120,D
20211,04551252,42,4,1,,A,1,E,140,D
20211,04551252,42,5,1,,A,177,E,150,D
20211,04551252,42,6,1,,A,64,E,190,D
20211,04555852,24,0,1,2,D,,H,,A
20211,04555852,24,1,1,,A,79,E,100,D
20211,04555852,24,2,1,,A,21,E,110,D
20211,04557882,46,0,1,1,D,,H,,A
20211,04557882,46,1,1,,A,10,E,100,D
20211,04557882,46,2,1,,A,4,E,110,D
20211,04557882,46,3,1,,A,5,E,120,D
20211,04557882,46,4,1,,A,96,E,150,D
20211,04557882,46,5,1,,A,5,E,190,D
20211,04558492,25,0,1,3,D,,H,,A
20211,04558492,25,1,1,,A,201,E,100,D
20211,04558492,25,2,1,,A,53,E,110,D
20211,04558492,25,3,1,,A,218,E,120,D
20211,04558492,25,4,1,,A,32,E,140,D
20211,04558492,25,5,1,,A,96,E,190,D
20211,04565592,14,0,1,1,D,,H,,A
20211,04565592,14,1,1,,A,3,E,120,D
20211,04565592,14,2,1,,A,40,E,150,D
20211,04565734,32,0,1,1,D,,H,,A
20211,04565734,32,1,1,,A,71,E,100,D
20211,04565734,32,2,1,,A,39,E,110,D
20211,04565734,32,3,1,,A,35,E,120,D
20211,04565734,32,4,1,,A,6,E,140,D
20211,04565734,32,5,1,,A,198,E,150,D
20211,04565734,32,6,1,,A,15,E,160,D
20211,04565734,32,7,1,,A,33,E,190,D
20211,04565734,32,8,1,,A,3,E,210,D
20211,04566992,47,0,1,1,D,,H,,A
20211,04566992,47,1,1,,A,925,E,100,D
20211,04566992,47,2,1,,A,235,E,110,D
20211,04566992,47,3,1,,A,462,E,120,D
20211,04566992,47,4,1,,A,2058,U,130,D
20211,04566992,47,5,1,,A,17,E,140,D
20211,04566992,47,6,1,,A,2589,E,150,D
20211,04566992,47,7,1,,A,953,E,190,D
20211,04569622,15,0,1,1,D,,H,,A
20211,04569622,15,1,1,,A,869,G,100,D
20211,04569622,15,2,1,,A,230,G,110,D
20211,04569622,15,3,1,,A,949,G,120,D
20211,04569622,15,4,1,,A,2058,W,130,D
20211,04569622,15,5,1,,A,139,G,140,D
20211,04569622,15,6,1,,A,417,G,190,D
20211,04569622,15,7,1,,A,174,G,210,D
20211,04572072,61,0,1,1,D,,H,,A
20211,04572072,61,1,1,,A,334,E,100,D
20211,04572072,61,2,1,,A,87,E,110,D
20211,04572072,61,3,1,,A,15,E,210,D
20211,04572072,61,4,1,,A,264,E,220,D
20211,04574862,13,0,1,4,D,,H,,A
20211,04574862,13,1,1,,A,1155,E,100,D
20211,04574862,13,2,1,,A,295,E,110,D
20211,04574912,33,0,1,1,D,,H,,A
20211,04574912,33,1,1,,A,98,E,100,D
20211,04574912,33,2,1,,A,24,E,110,D
20211,04574912,33,3,1,,A,48,E,120,D
20211,04574912,33,4,1,,A,241,E,130,D
20211,04574912,33,5,1,,A,1,E,140,D
20211,04574912,33,6,1,,A,269,E,150,D
20211,04574912,33,7,1,,A,99,E,190,D
20211,04578502,22,0,1,2,D,,H,,A
20211,04578502,22,1,1,,A,12,E,100,D
20211,04578502,22,2,1,,A,8,E,110,D
20211,04610031,33,0,1,1,D,,H,,A
20211,04610031,33,1,1,,A,57,E,100,D
20211,04610031,33,2,1,,A,43,E,110,D
20211,04610401,11,0,1,1,D,,H,,A
20211,04610401,11,1,1,,A,4,E,210,D
20211,04610401,11,2,1,,A,36,E,220,D
20211,04612631,25,0,1,2,D,,H,,A
20211,04612631,25,1,1,,A,198,E,100,D
20211,04612631,25,2,1,,A,49,E,110,D
20211,04612631,25,3,1,,A,97,E,120,D
20211,04612631,25,4,1,,A,488,E,130,D
20211,04612631,25,5,1,,A,3,E,140,D
20211,04612631,25,6,1,,A,545,E,150,D
20211,04612631,25,7,1,,A,200,E,190,D
20211,04613221,11,0,1,1,D,,H,,A
20211,04613221,11,1,1,,A,155,E,120,D
20211,04613221,11,2,1,,A,1801,E,150,D
20211,04613221,11,3,1,,A,44,E,190,D
20211,04615701,30,0,1,1,D,,H,,A
20211,04615701,30,1,1,,A,68,E,100,D
20211,04615701,30,2,1,,A,52,E,110,D
20211,04616821,19,0,1,1,D,,H,,A
20211,04616821,19,1,1,,A,31,E,100,D
20211,04616821,19,2,1,,A,23,E,110,D
20211,04616821,19,3,1,,A,28,E,120,D
20211,04616821,19,4,1,,A,7,E,140,D
20211,04616821,19,5,1,,A,480,E,150,D
20211,04616821,19,6,1,,A,2,E,160,D
20211,04616821,19,7,1,,A,29,E,190,D
20211,04620961,8,0,1,1,D,,H,,A
20211,04620961,8,1,1,,A,170,E,100,D
20211,04620961,8,2,1,,A,130,E,110,D
20211,04652281,13,0,1,1,D,,H,,A
20211,04652281,13,1,1,,A,44,E,100,D
20211,04652281,13,2,1,,A,37,E,110,D
20211,04652281,13,3,1,,A,40,E,120,D
20211,04652281,13,4,1,,A,49,E,130,D
20211,04652281,13,5,1,,A,6,E,140,D
20211,04652281,13,6,1,,A,680,E,150,D
20211,04652281,13,7,1,,A,3,E,160,D
20211,04652281,13,8,1,,A,41,E,190,D
20211,04656841,29,0,1,1,D,,H,,A
20211,04656841,29,1,1,,A,71,E,100,D
20211,04656841,29,2,1,,A,18,E,110,D
20211,04656841,29,3,1,,A,35,E,120,D
20211,04656841,29,4,1,,A,1,E,140,D
20211,04656841,29,5,1,,A,202,E,150,D
20211,04656841,29,6,1,,A,73,E,190,D
20211,04656861,28,0,1,1,D,,H,,A
20211,04656861,28,1,1,,A,267,E,100,D
20211,04656861,28,2,1,,A,70,E,110,D
20211,04656861,28,3,1,,A,53,E,210,D
20211,04657811,29,0,1,3,D,,H,,A
20211,04657811,29,1,1,,A,395,E,100,D
20211,04657811,29,2,1,,A,105,E,110,D
20211,04659211,32,0,1,1,D,,H,,A
20211,04659211,32,1,1,,A,120,E,100,D
20211,04659211,32,2,1,,A,30,E,110,D
20211,04659211,32,3,1,,A,60,E,120,D
20211,04659211,32,4,1,,A,2,E,140,D
20211,04659211,32,5,1,,A,339,E,150,D
20211,04659211,32,6,1,,A,124,E,190,D
20211,04661981,23,0,1,1,D,,H,,A
20211,04661981,23,1,1,,A,118,E,100,D
20211,04661981,23,2,1,,A,34,E,110,D
20211,04661981,23,3,1,,A,129,E,120,D
20211,04661981,23,4,1,,A,145,E,130,D
20211,04661981,23,5,1,,A,18,E,140,D
20211,04661981,23,6,1,,A,56,E,190,D
20211,04662061,10,0,1,1,D,,H,,A
20211,04662061,10,1,1,,A,4,E,100,D
20211,04662061,10,2,1,,A,1,E,130,D
20211,04662061,10,3,1,,A,2,E,150,D
20211,04662094,50,0,1,1,D,,H,,A
20211,04662094,50,1,1,,A,35,E,100,D
20211,04662094,50,2,1,,A,9,E,110,D
20211,04662094,50,3,1,,A,21,E,120,D
20211,04662094,50,4,1,,A,99,E,150,D
20211,04662094,50,5,1,,A,36,E,190,D
20211,04679001,43,0,1,1,D,,H,,A
20211,04679001,43,1,1,,A,28,E,100,D
20211,04679001,43,2,1,,A,6,E,110,D
20211,04679001,43,3,1,,A,66,E,130,D
20211,04679251,9,0,1,1,D,,H,,A
20211,04679251,9,1,1,,A,127,E,100,D
20211,04679251,9,2,1,,A,93,E,110,D
20211,04679251,9,3,1,,A,112,E,120,D
20211,04679251,9,4,1,,A,136,E,130,D
20211,04679251,9,5,1,,A,18,E,140,D
20211,04679251,9,6,1,,A,1891,E,150,D
20211,04679251,9,7,1,,A,9,E,160,D
20211,04679251,9,8,1,,A,114,E,190,D
20211,04683081,16,0,1,1,D,,H,,A
20211,04683081,16,1,1,,A,9,E,100,D
20211,04683081,16,2,1,,A,7,E,110,D
20211,04683081,16,3,1,,A,8,E,120,D
20211,04683081,16,4,1,,A,15,E,130,D
20211,04683081,16,5,1,,A,1,E,140,D
20211,04683081,16,6,1,,A,151,E,150,D
20211,04683081,16,7,1,,A,9,E,190,D
20211,04684211,52,0,1,1,D,,H,,A
20211,04684211,52,1,1,,A,23,E,100,D
20211,04684211,52,2,1,,A,7,E,110,D
20211,04684531,7,0,1,1,D,,H,,A
20211,04684531,7,1,1,,A,49,E,120,D
20211,04684531,7,2,1,,A,11,E,140,D
20211,04684531,7,3,1,,A,274,E,150,D
20211,04684531,7,4,1,,A,20,E,160,D
20211,04684531,7,5,1,,A,46,E,190,D
